{"stats":{"minecraft:custom":{"minecraft:time_since_rest":7658,"minecraft:crouch_one_cm":882,"minecraft:play_time":44724,"lootr:looted_stat":8,"minecraft:sprint_one_cm":41597,"minecraft:damage_taken":547,"minecraft:walk_one_cm":31465,"minecraft:deaths":3,"minecraft:bell_ring":1,"minecraft:sneak_time":789,"minecraft:walk_under_water_one_cm":38,"minecraft:drop":9,"minecraft:jump":271,"minecraft:damage_dealt":21,"minecraft:leave_game":2,"minecraft:time_since_death":8032,"minecraft:walk_on_water_one_cm":5056,"minecraft:total_world_time":44724,"minecraft:climb_one_cm":2611,"minecraft:damage_resisted":0,"minecraft:swim_one_cm":749,"minecraft:fall_one_cm":7797,"minecraft:fly_one_cm":220756},"minecraft:picked_up":{"minecraft:stick":1,"minecraft:rotten_flesh":5,"minecraft:hay_block":6,"minecraft:iron_ingot":1,"tombstone:grave_dust":1,"born_in_chaos_v1:pieceofdarkmetal":2,"regions_unexplored:dead_log":9},"minecraft:mined":{"minecraft:grass":1,"minecraft:light_gray_stained_glass_pane":1,"minecraft:tall_grass":2,"regions_unexplored:dead_log":10,"minecraft:hay_block":6},"minecraft:dropped":{"theoneprobe:probenote":1,"minecraft:knowledge_book":6,"minecraft:rotten_flesh":5,"tombstone:grave_key":1},"minecraft:crafted":{"regions_unexplored:dead_planks":9,"minecraft:air":36},"minecraft:killed_by":{"irons_spellbooks:apothecarist":1},"minecraft:used":{"tombstone:gift":3,"minecraft:iron_boots":1,"regions_unexplored:dead_planks":9}},"DataVersion":3465}