{"stats":{"minecraft:killed_by":{"minecraft:zombie":1,"alexscaves:watcher":1},"minecraft:mined":{"minecraft:furnace":1,"minecraft:spruce_log":29,"minecraft:crafting_table":3,"minecraft:coal_ore":9,"regions_unexplored:medium_grass":1,"minecraft:stone":15},"minecraft:picked_up":{"minecraft:stick":12,"minecraft:crafting_table":3,"minecraft:raw_iron":7,"create_new_age:thorium":70,"minecraft:spruce_sapling":12,"minecraft:spruce_log":29,"minecraft:iron_ingot":2,"minecraft:oak_sapling":1,"minecraft:coal":45,"minecraft:cobblestone":129,"minecraft:furnace":1},"minecraft:dropped":{"tombstone:grave_key":1,"theoneprobe:probenote":1,"minecraft:knowledge_book":8},"minecraft:custom":{"minecraft:time_since_rest":175,"minecraft:interact_with_furnace":4,"minecraft:sprint_one_cm":68775,"minecraft:damage_absorbed":360,"minecraft:damage_taken":855,"minecraft:walk_one_cm":36195,"minecraft:drop":10,"minecraft:damage_dealt":10,"minecraft:interact_with_crafting_table":4,"minecraft:fly_one_cm":59675,"minecraft:crouch_one_cm":1195,"minecraft:play_time":16527,"minecraft:deaths":3,"minecraft:sneak_time":167,"minecraft:jump":307,"minecraft:leave_game":2,"minecraft:time_since_death":2358,"minecraft:walk_on_water_one_cm":727,"minecraft:total_world_time":16527,"minecraft:fall_one_cm":9665},"minecraft:crafted":{"ancient_elements:wooden_hammer":1,"minecraft:crafting_table":1,"minecraft:spruce_planks":13,"minecraft:iron_ingot":5,"minecraft:wooden_axe":1,"ancient_elements:iron_hammer":1,"minecraft:furnace":1,"minecraft:air":53},"minecraft:used":{"minecraft:wooden_axe":3,"ancient_elements:wooden_hammer":24,"ancient_elements:iron_hammer":1,"evilcraft:flesh_humanoid":1,"minecraft:cobblestone":38,"minecraft:crafting_table":3,"minecraft:oak_sapling":1,"minecraft:furnace":1,"tombstone:gift":1}},"DataVersion":3465}