{"stats":{"minecraft:broken":{"magistuarmory:rustedcrusader_boots":1,"minecraft:iron_boots":2,"minecraft:iron_leggings":1,"magistuarmory:rustedchainmail_helmet":1,"alexscaves:primordial_helmet":1,"magistuarmory:rustedkettlehat":1,"ancient_elements:iron_hammer":3,"minecraft:chainmail_helmet":1,"minecraft:iron_helmet":1,"minecraft:wooden_hoe":1},"minecraft:custom":{"lootr:looted_stat":180,"minecraft:interact_with_crafting_table":27,"minecraft:open_barrel":5,"minecraft:bell_ring":1,"minecraft:leave_game":4,"minecraft:time_since_death":7233,"minecraft:damage_resisted":0,"minecraft:sprint_one_cm":1088332,"minecraft:drop":117,"minecraft:talked_to_villager":6,"minecraft:play_time":419149,"minecraft:deaths":73,"minecraft:jump":4183,"minecraft:interact_with_brewingstand":1,"minecraft:walk_on_water_one_cm":36167,"minecraft:enchant_item":10,"minecraft:interact_with_furnace":4,"minecraft:traded_with_villager":3,"minecraft:sleep_in_bed":3,"minecraft:waystone_activated":3,"minecraft:damage_dealt":31791,"minecraft:crouch_one_cm":55618,"tombstone:undead_killed":45,"minecraft:interact_with_anvil":2,"minecraft:mob_kills":114,"minecraft:damage_dealt_resisted":229,"minecraft:climb_one_cm":20529,"minecraft:walk_one_cm":1253148,"minecraft:sneak_time":18570,"minecraft:walk_under_water_one_cm":9293,"minecraft:total_world_time":419149,"minecraft:interact_with_grindstone":13,"minecraft:time_since_rest":6996,"minecraft:damage_taken":28205,"minecraft:damage_absorbed":209,"tombstone:cast_on_ally":0,"minecraft:swim_one_cm":17234,"minecraft:fly_one_cm":1179767,"minecraft:open_chest":223,"minecraft:fall_one_cm":193832},"minecraft:killed_by":{"born_in_chaos_v1:nightmare_stalker":2,"minecraft:creeper":1,"enemyexpansion:slugger":1,"twilightforest:minotaur":1,"iceandfire:ice_dragon":6,"artifacts:mimic":1,"minecraft:zombie":2,"enemyexpansion:invisicreeper":3,"minecraft:player":13,"born_in_chaos_v1:firelight":1,"born_in_chaos_v1:fallen_chaos_knight":2,"born_in_chaos_v1:decaying_zombie":1,"minecraft:panda":3,"minecraft:warden":18,"minecraft:skeleton":4,"enemyexpansion:direwolf":1,"born_in_chaos_v1:missioner":7,"born_in_chaos_v1:dread_hound":3},"minecraft:picked_up":{"minecraft:wheat":63,"minecraft:anvil":1,"minecraft:creeper_head":1,"minecraft:flower_pot":1,"artifacts:bunny_hoppers":2,"minecraft:lead":2,"regions_unexplored:silt_dirt":274,"minecraft:stone_brick_stairs":3,"ancient_elements:raw_palladium":10,"supplementaries:jar":1,"born_in_chaos_v1:black_argillite":6,"minecraft:string":15,"minecraft:raw_copper":254,"create:limestone":7,"minecraft:red_nether_bricks":1,"minecraft:experience_bottle":1,"minecraft:beetroot":5,"minecraft:cobbled_deepslate":1047,"artifacts:aqua_dashers":1,"minecraft:iron_pickaxe":2,"minecraft:coal_block":1,"minecraft:diamond_ore":4,"minecraft:tipped_arrow":3,"minecraft:golden_helmet":1,"minecraft:stick":101,"apotheosis:gem":5,"born_in_chaos_v1:shattered_skull":1,"minecraft:torch":15,"iceandfire:dragonscales_white":32,"quark:blossom_log":29,"minecraft:cherry_log":1,"tombstone:grave_dust":6,"minecraft:diorite":699,"born_in_chaos_v1:nightmare_claw":1,"magistuarmory:rustedcrusader_chestplate":1,"vinery:flower_box":2,"minecraft:quartz_block":6,"farmersdelight:fried_egg":3,"minecraft:rotten_flesh":32,"create:scoria":84,"artifacts:villager_hat":1,"create:ochrum":41,"supplementaries:ash":1,"create:veridium":51,"supplementaries:quiver":1,"minecraft:white_terracotta":7,"artifacts:panic_necklace":3,"minecraft:obsidian":4,"minecraft:iron_bars":25,"minecraft:snowball":32,"minecraft:cobblestone":2790,"minecraft:enchanting_table":2,"minecraft:andesite":145,"minecraft:potato":29,"ancient_elements:raw_lead":18,"minecraft:flint":7,"minecraft:tuff":272,"create:raw_zinc":78,"evilcraft:flesh_humanoid":1,"supplementaries:flax_seeds":1,"irons_spellbooks:concentration_amulet":1,"minecraft:lapis_lazuli":47,"minecraft:dirt":218,"minecraft:lantern":2,"supplementaries:doormat":1,"born_in_chaos_v1:monster_skin":4,"minecraft:glass":16,"minecraft:bone":34,"evilcraft:bloody_cobblestone":95,"minecraft:bow":1,"minecraft:wheat_seeds":277,"create_new_age:magnetite_block":4,"minecraft:mossy_stone_bricks":2,"minecraft:bamboo":1,"minecraft:mossy_stone_brick_stairs":3,"regions_unexplored:orange_coneflower":11,"miners_delight:gossypium":1,"irons_spellbooks:frozen_bone":12,"quark:shale":10,"evilcraft:dark_gem_crushed":31,"minecraft:lily_of_the_valley":1,"minecraft:dark_oak_log":2,"minecraft:barrel":4,"farmersdelight:cooked_mutton_chops":4,"minecraft:mossy_cobblestone":128,"minecraft:bundle":1,"minecraft:spruce_fence_gate":2,"create:crimsite":22,"born_in_chaos_v1:fire_dust":4,"magistuarmory:greathelm":1,"minecraft:diamond":47,"waystones:waystone":2,"iceandfire:dragon_ice":1,"minecraft:crossbow":1,"minecraft:granite":42,"minecraft:chainmail_helmet":4,"minecraft:bread":17,"minecraft:rooted_dirt":7,"minecraft:oak_sapling":9,"minecraft:chorus_fruit":1,"iceandfire:silver_nugget":60,"minecraft:oak_leaves":13,"iceandfire:raw_silver":1,"minecraft:fishing_rod":1,"minecraft:diamond_pickaxe":1,"simplyswords:iron_glaive":1,"minecraft:coarse_dirt":24,"minecraft:charcoal":40,"minecraft:crafting_table":2,"create_new_age:thorium":148,"minecraft:allium":1,"minecraft:leather_leggings":1,"minecraft:chain":12,"regions_unexplored:red_maple_leaf_pile":30,"regions_unexplored:maple_leaves":16,"minecraft:moss_carpet":3,"miners_delight:cave_carrot":1,"minecraft:cracked_stone_bricks":22,"minecraft:candle":26,"regions_unexplored:maple_leaf_pile":60,"farmersdelight:straw":26,"create:zinc_ore":4,"born_in_chaos_v1:gnawed_bones":4,"regions_unexplored:white_snowbelle":1,"minecraft:iron_nugget":17,"minecraft:chest":6,"minecraft:copper_ore":1,"iceandfire:ice_dragon_heart":1,"minecraft:egg":3,"iceandfire:dragonbone":29,"minecraft:raw_iron":67,"ancient_elements:raw_steel":8,"regions_unexplored:silver_birch_leaf_pile":211,"minecraft:bowl":2,"regions_unexplored:volcanic_ash":2,"minecraft:spruce_fence":24,"ancient_elements:raw_tin":31,"magistuarmory:rustedkettlehat":2,"born_in_chaos_v1:pieceofdarkmetal":11,"minecraft:carrot":5,"born_in_chaos_v1:charmof_endurance":1,"minecraft:redstone":42,"quark:oak_leaf_carpet":1,"twilightforest:raw_meef":1,"iceandfire:dragon_skull_ice":7,"born_in_chaos_v1:charmof_fury":1,"minecraft:polished_granite_stairs":1,"minecraft:arrow":32,"create:experience_nugget":13,"regions_unexplored:maple_sapling":8,"minecraft:beetroot_seeds":14,"minecraft:nether_bricks":10,"crittersandcompanions:silk":7,"minecraft:saddle":1,"minecraft:brick_stairs":7,"minecraft:emerald_ore":7,"minecraft:lapis_ore":3,"born_in_chaos_v1:corpse_maggot":1,"minecraft:basalt":12,"born_in_chaos_v1:monster_flesh":2,"minecraft:glow_ink_sac":8,"croptopia:glowing_calamari":6,"minecraft:torchflower":2,"supplementaries:jar_boat":1,"minecraft:granite_stairs":4,"minecraft:oak_log":17,"minecraft:gunpowder":5,"minecraft:cobblestone_wall":2,"farmersdelight:skillet":1,"tombstone:voodoo_poppet":1,"regions_unexplored:tassel":2,"apotheosis:warden_tendril":4,"alexsmobs:unsettling_kimono":1,"minecraft:apple":2,"minecraft:stone_bricks":18,"magistuarmory:bronze_zweihander":2,"minecraft:iron_ore":6,"artifacts:kitty_slippers":2,"minecraft:sculk_catalyst":4,"quark:blue_blossom_sapling":3,"regions_unexplored:orange_maple_leaf_pile":57,"sophisticatedbackpacks:diamond_backpack":3,"regions_unexplored:silver_birch_sapling":44,"minecraft:book":3,"quark:stick_block":9,"minecraft:smooth_basalt":18,"supplementaries:sack":2,"born_in_chaos_v1:ethereal_spirit":3,"minecraft:dripstone_block":18,"minecraft:gravel":21,"magistuarmory:rustednorman_helmet":1,"magistuarmory:silver_bastardsword":1,"minecraft:spruce_sapling":13,"minecraft:white_bed":2,"minecraft:spruce_log":21,"minecraft:gold_ore":10,"quark:white_shingles":2,"minecraft:spruce_door":1,"minecraft:spider_eye":5,"minecraft:leather_helmet":2,"minecraft:coal_ore":2,"magistuarmory:rustedcrusader_boots":1,"minecraft:stone_axe":1,"magistuarmory:rusted_bastardsword":3,"regions_unexplored:silver_birch_log":137,"evilcraft:dark_gem":124,"minecraft:iron_helmet":2,"minecraft:redstone_ore":10,"regions_unexplored:maple_log":40,"minecraft:mossy_cobblestone_stairs":2,"iceandfire:ice_dragon_flesh":2,"minecraft:lodestone":1,"tombstone:magic_scroll":1,"minecraft:coal":219,"minecraft:ender_pearl":2},"minecraft:used":{"regions_unexplored:silt_dirt":83,"minecraft:chiseled_deepslate":10,"minecraft:iron_shovel":103,"minecraft:spruce_slab":2,"farmersdelight:cabbage_seeds":72,"iceandfire:dragon_skull_ice":6,"minecraft:diamond_hoe":629,"farmersdelight:stove":2,"minecraft:chest":26,"minecraft:white_terracotta":12,"minecraft:iron_sword":150,"minecraft:farmland":21,"minecraft:iron_chestplate":1,"tombstone:scroll_of_preservation":1,"minecraft:carrot":63,"regions_unexplored:silver_birch_sapling":21,"minecraft:snowball":16,"sophisticatedbackpacks:diamond_backpack":1,"minecraft:lantern":12,"minecraft:grass_block":33,"regions_unexplored:silver_birch_leaf_pile":2,"born_in_chaos_v1:gnawed_bones":1,"magistuarmory:silver_bastardsword":179,"farmersdelight:cutting_board":1,"create:shaft":1,"minecraft:furnace":2,"magistuarmory:rusted_bastardsword":46,"minecraft:beetroot_seeds":5,"minecraft:skeleton_skull":11,"regions_unexplored:maple_leaves":16,"minecraft:stripped_spruce_wood":17,"regions_unexplored:silver_birch_log":7,"minecraft:spruce_door":1,"minecraft:chorus_fruit":1,"minecraft:chainmail_helmet":3,"tombstone:tablet_of_guard":1,"minecraft:golden_apple":3,"minecraft:shears":24,"waystones:waystone":3,"minecraft:melon_slice":4,"croptopia:greenonion_seed":63,"minecraft:bread":15,"vinery:flower_box":7,"iceandfire:ice_dragon_flesh":2,"tombstone:grave_key":75,"minecraft:grindstone":2,"minecraft:chain":12,"minecraft:mossy_cobblestone_wall":63,"twilightforest:raw_meef":1,"minecraft:coarse_dirt":11,"minecraft:experience_bottle":1,"supplementaries:jar_boat":2,"minecraft:iron_bars":6,"minecraft:enchanting_table":3,"minecraft:granite_stairs":4,"minecraft:flint_and_steel":25,"minecraft:spruce_planks":24,"regions_unexplored:silt_grass_block":219,"regions_unexplored:white_snowbelle":1,"minecraft:cooked_chicken":1,"quark:spruce_bookshelf":57,"minecraft:stick":1,"minecraft:torch":113,"minecraft:dirt":76,"minecraft:anvil":1,"minecraft:spruce_stairs":9,"quark:white_shingles":2,"minecraft:spruce_fence":177,"supplementaries:doormat":5,"minecraft:rooted_dirt":4,"minecraft:iron_axe":67,"alexscaves:primordial_helmet":3,"minecraft:basalt":2,"farmersdelight:cooking_pot":1,"crittersandcompanions:jumping_spider_spawn_egg":1,"tombstone:gift":8,"farmersdelight:cooked_mutton_chops":4,"simplyswords:soulstealer":16,"farmersdelight:tomato_seeds":71,"alexsmobs:unsettling_kimono":1,"minecraft:cooked_beef":8,"minecraft:cobbled_deepslate":126,"minecraft:wheat_seeds":144,"farmersdelight:iron_knife":46,"minecraft:water_bucket":21,"tombstone:scroll_of_knowledge":1,"tombstone:scroll_of_reach":1,"farmersdelight:skillet":2,"minecraft:baked_potato":5,"ancient_elements:iron_hammer":744,"crittersandcompanions:silk_cocoon":1,"minecraft:spruce_fence_gate":160,"farmersdelight:onion":81,"minecraft:crafting_table":5,"simplyswords:iron_greataxe":33,"disenchanting:disenchanter":1,"minecraft:white_bed":2,"minecraft:campfire":1,"minecraft:oak_log":13,"minecraft:flower_pot":1,"minecraft:wooden_hoe":83,"magistuarmory:bronze_zweihander":3,"minecraft:diamond_pickaxe":766,"minecraft:apple":38,"minecraft:diamond_shovel":384,"minecraft:leather_helmet":3,"minecraft:iron_pickaxe":183,"tombstone:magic_scroll":3,"minecraft:spruce_trapdoor":12,"supplementaries:rope":2,"quark:light_gray_framed_glass_pane":3,"minecraft:stone_axe":5,"miners_delight:cave_carrot":38,"minecraft:cobblestone":69,"farmersdelight:egg_sandwich":1,"quark:spruce_ladder":1,"minecraft:cooked_porkchop":5,"regions_unexplored:maple_log":15,"simplyswords:runic_scythe":40,"minecraft:candle":121,"tombstone:scroll_of_unstable_intangibility":6},"minecraft:mined":{"miners_delight:wild_cave_carrots":1,"create:deepslate_zinc_ore":2,"minecraft:white_bed":2,"minecraft:farmland":4,"supplementaries:jar_boat":1,"regions_unexplored:maple_log":49,"minecraft:sculk_vein":4,"minecraft:obsidian":4,"regions_unexplored:red_maple_shrub":1,"minecraft:granite":6,"minecraft:grass_block":91,"minecraft:spawner":47,"minecraft:magma_block":1,"regions_unexplored:stone_bud":75,"minecraft:mossy_cobblestone_stairs":5,"minecraft:cobbled_deepslate":8,"minecraft:iron_ore":20,"minecraft:barrel":4,"minecraft:fire":4,"regions_unexplored:mossy_stone":28,"ancient_elements:tin_ore":7,"minecraft:anvil":1,"regions_unexplored:silver_birch_leaves":2,"minecraft:nether_brick_stairs":1,"minecraft:enchanting_table":2,"minecraft:sculk_shrieker":6,"supplementaries:stick":1,"regions_unexplored:maple_leaf_pile":2,"minecraft:dirt_path":1,"minecraft:iron_bars":23,"regions_unexplored:white_snowbelle":1,"supplementaries:jar":1,"create:veridium":6,"regions_unexplored:silt_grass_block":163,"minecraft:granite_stairs":4,"minecraft:polished_granite_stairs":1,"minecraft:deepslate_redstone_ore":2,"minecraft:quartz_block":9,"lootr:lootr_chest":3,"minecraft:powder_snow":11,"minecraft:torch":1,"minecraft:chest":2,"create:scoria":1,"quark:blossom_log":29,"minecraft:cobblestone":11,"minecraft:wall_torch":1,"minecraft:deepslate_copper_ore":2,"sophisticatedbackpacks:diamond_backpack":1,"evilcraft:dark_ore_deepslate":4,"minecraft:wheat":41,"minecraft:stone_brick_stairs":7,"minecraft:grass":27,"minecraft:oak_log":10,"minecraft:beetroots":5,"minecraft:dirt":45,"minecraft:smooth_basalt":2,"create:crimsite":5,"minecraft:oak_leaves":3,"minecraft:deepslate":438,"create:zinc_ore":10,"minecraft:tuff":122,"iceandfire:silver_ore":1,"minecraft:mossy_cobblestone":6,"ancient_elements:lead_ore":1,"quark:shale":3,"minecraft:deepslate_diamond_ore":16,"minecraft:candle":10,"minecraft:spruce_fence":18,"born_in_chaos_v1:black_argillite":1,"minecraft:brick_stairs":7,"create_new_age:thorium_ore":9,"create:ochrum":7,"quark:potted_chorus":1,"regions_unexplored:maple_leaves":27,"regions_unexplored:silver_birch_sapling":3,"minecraft:spruce_leaves":1,"minecraft:rooted_dirt":6,"minecraft:carrots":4,"minecraft:snow":7,"minecraft:andesite":30,"evilcraft:dark_ore":14,"regions_unexplored:frozen_grass":2,"minecraft:mossy_stone_brick_stairs":6,"minecraft:bookshelf":1,"minecraft:potatoes":29,"minecraft:deepslate_iron_ore":1,"minecraft:vine":3,"ancient_elements:palladium_ore":7,"crittersandcompanions:silk_cocoon":2,"regions_unexplored:ash_vent":1,"regions_unexplored:medium_grass":33,"regions_unexplored:orange_maple_leaf_pile":4,"minecraft:stone":528,"regions_unexplored:orange_coneflower":4,"ancient_elements:steel_ore":1,"regions_unexplored:silver_birch_leaf_pile":22,"minecraft:snow_block":13,"minecraft:basalt":6,"minecraft:crafting_table":2,"regions_unexplored:silt_dirt":74,"minecraft:sculk_sensor":6,"supplementaries:sack":2,"minecraft:copper_ore":15,"minecraft:lapis_ore":1,"minecraft:sculk":24,"minecraft:diorite":87,"supplementaries:urn":5,"farmersdelight:skillet":1,"minecraft:coarse_dirt":25,"minecraft:spruce_log":21,"regions_unexplored:red_maple_leaf_pile":1,"minecraft:coal_ore":39,"regions_unexplored:silver_birch_log":172,"minecraft:gravel":24,"minecraft:cobweb":2,"minecraft:lodestone":1,"minecraft:cracked_stone_bricks":24,"evilcraft:bloody_cobblestone":19,"minecraft:stone_bricks":21,"minecraft:mossy_stone_bricks":9,"regions_unexplored:tassel":1},"minecraft:crafted":{"minecraft:oak_planks":2,"minecraft:chainmail_helmet":2,"quark:birch_chest":14,"supplementaries:jar_boat":1,"minecraft:chest":14,"sophisticatedbackpacks:backpack":1,"minecraft:crafting_table":1,"minecraft:spruce_planks":21,"farmersdelight:egg_sandwich":1,"minecraft:birch_planks":35,"tombstone:white_marble":6,"minecraft:wooden_hoe":2,"minecraft:diamond_pickaxe":1,"sophisticatedbackpacks:diamond_backpack":2,"minecraft:stick":10,"quark:oak_chest":1,"minecraft:iron_ingot":1,"minecraft:iron_pickaxe":1,"minecraft:iron_block":3,"disenchanting:disenchanter":1,"minecraft:spruce_fence_gate":7,"magistuarmory:antlers_decoration":1,"minecraft:shears":1,"minecraft:diamond_hoe":1,"tombstone:strange_tablet":3,"minecraft:bone_meal":4,"minecraft:leather":2,"minecraft:iron_axe":1,"minecraft:spruce_boat":1,"minecraft:redstone_block":1,"crittersandcompanions:grappling_hook":1,"sophisticatedbackpacks:iron_backpack":2,"minecraft:enchanting_table":1,"magistuarmory:unicorn_decoration":1,"sophisticatedbackpacks:gold_backpack":2,"minecraft:air":319,"ancient_elements:palladium_drill":1,"ancient_elements:palladium_ingot":5,"ancient_elements:iron_hammer":1,"minecraft:anvil":1,"magistuarmory:medieval_bag":2},"minecraft:killed":{"born_in_chaos_v1:zombie_lumberjack":1,"minecraft:spider":17,"minecraft:skeleton":16,"minecraft:silverfish":2,"artifacts:mimic":2,"twilightforest:minotaur":1,"minecraft:zombie_villager":1,"iceandfire:cockatrice":1,"born_in_chaos_v1:zombie_fisherman":1,"minecraft:zombie":9,"born_in_chaos_v1:dread_hound":5,"minecraft:stray":5,"born_in_chaos_v1:corpse_fly":2,"enemyexpansion:botfly":5,"minecraft:glow_squid":2,"enemyexpansion:wasp":1,"born_in_chaos_v1:missioner":1,"enemyexpansion:direwolf":12,"born_in_chaos_v1:firelight":2,"born_in_chaos_v1:maggot":2,"minecraft:panda":1,"minecraft:warden":1,"enemyexpansion:goblin":1,"born_in_chaos_v1:baby_skeleton":2,"minecraft:bat":1,"born_in_chaos_v1:decrepit_skeleton":4,"enemyexpansion:huntsman":2,"tombstone:spectral_wolf":1,"born_in_chaos_v1:nightmare_stalker":1,"iceandfire:ice_dragon":1,"enemyexpansion:slugger":3},"minecraft:dropped":{"minecraft:candle":1,"minecraft:moss_block":4,"minecraft:lantern":1,"minecraft:rooted_dirt":1,"minecraft:leather_helmet":1,"minecraft:flint":1,"minecraft:dirt":26,"magistuarmory:rusted_bastardsword":1,"theoneprobe:probenote":1,"minecraft:iron_pickaxe":1,"minecraft:bone":1,"minecraft:iron_nugget":2,"alexsmobs:animal_dictionary":1,"minecraft:cobbled_deepslate":6,"minecraft:rotten_flesh":8,"artifacts:villager_hat":1,"magistuarmory:bronze_zweihander":1,"ancient_elements:palladium_drill":1,"quark:shale":10,"evilcraft:flesh_humanoid":1,"sophisticatedbackpacks:diamond_backpack":2,"minecraft:carrot":1,"patchouli:guide_book":4,"supplementaries:flax_seeds":1,"supplementaries:ash":2,"create:scoria":20,"born_in_chaos_v1:corpse_maggot":1,"artifacts:panic_necklace":1,"regions_unexplored:orange_coneflower":1,"minecraft:iron_ore":1,"minecraft:arrow":4,"minecraft:enchanted_book":1,"minecraft:bread":9,"minecraft:wheat_seeds":22,"alexsmobs:unsettling_kimono":1,"minecraft:cobblestone":958,"minecraft:knowledge_book":17,"minecraft:chainmail_helmet":3,"minecraft:coal":86,"minecraft:stick":13,"ars_nouveau:worn_notebook":1,"minecraft:torch":1,"regions_unexplored:silver_birch_leaf_pile":16,"artifacts:bunny_hoppers":2,"minecraft:spruce_sapling":6,"artifacts:kitty_slippers":2,"minecraft:raw_copper":2,"minecraft:bowl":2,"minecraft:tuff":23,"create_new_age:magnetite_block":1,"create:veridium":51,"minecraft:bundle":1,"minecraft:diamond_pickaxe":1,"regions_unexplored:silt_dirt":1}},"DataVersion":3465}