{"stats":{"minecraft:custom":{"lootr:looted_stat":158,"minecraft:interact_with_crafting_table":13,"minecraft:open_barrel":15,"minecraft:bell_ring":7,"minecraft:leave_game":5,"minecraft:time_since_death":6798,"minecraft:damage_resisted":0,"minecraft:sprint_one_cm":562775,"minecraft:drop":93,"minecraft:talked_to_villager":5,"minecraft:play_time":283106,"minecraft:deaths":57,"minecraft:jump":2988,"minecraft:walk_on_water_one_cm":18818,"minecraft:interact_with_furnace":3,"minecraft:sleep_in_bed":3,"minecraft:damage_dealt":29399,"minecraft:player_kills":8,"minecraft:crouch_one_cm":19395,"tombstone:undead_killed":55,"minecraft:mob_kills":145,"minecraft:damage_dealt_resisted":103,"minecraft:climb_one_cm":19406,"minecraft:walk_one_cm":469232,"minecraft:damage_dealt_absorbed":80,"minecraft:sneak_time":9229,"minecraft:walk_under_water_one_cm":5276,"minecraft:total_world_time":283106,"tombstone:raider_killed":7,"minecraft:time_since_rest":6638,"minecraft:damage_taken":17515,"minecraft:damage_absorbed":145,"minecraft:swim_one_cm":17070,"minecraft:fly_one_cm":2125363,"minecraft:open_chest":5,"minecraft:fall_one_cm":90284},"minecraft:used":{"irons_spellbooks:inscription_table":3,"minecraft:chest":4,"minecraft:stone":4,"minecraft:iron_sword":85,"minecraft:milk_bucket":1,"sophisticatedbackpacks:diamond_backpack":2,"minecraft:grass_block":1,"minecraft:furnace":1,"relics:researching_table":1,"simplyswords:runic_greathammer":299,"minecraft:oak_leaves":1,"irons_spellbooks:keeper_spawn_egg":1,"minecraft:creeper_spawn_egg":1,"minecraft:bread":26,"minecraft:string":1,"quark:jasper":2,"tombstone:grave_key":33,"create:honeyed_apple":2,"minecraft:diamond_sword":38,"minecraft:oak_trapdoor":2,"minecraft:trident":16,"minecraft:iron_bars":1,"create:cuckoo_clock":1,"vinery:jungle_grapes_red":2,"minecraft:torch":10,"minecraft:iron_axe":35,"minecraft:iron_boots":1,"evilcraft:flesh_humanoid":2,"create:cut_andesite":2,"minecraft:diamond_chestplate":1,"minecraft:goat_horn":2,"alexsmobs:banana":2,"tombstone:gift":6,"crittersandcompanions:jumping_spider_spawn_egg":1,"farmersdelight:iron_knife":32,"regions_unexplored:dead_planks":9,"ancient_elements:iron_hammer":51,"minecraft:crafting_table":6,"minecraft:white_bed":1,"iceandfire:armor_silver_metal_chestplate":1,"minecraft:diamond_pickaxe":292,"minecraft:apple":2,"minecraft:iron_pickaxe":1,"minecraft:cobblestone":190,"minecraft:potion":1},"minecraft:broken":{"minecraft:iron_boots":1,"minecraft:iron_chestplate":1,"minecraft:iron_leggings":1,"iceandfire:armor_silver_metal_helmet":1,"minecraft:iron_helmet":1},"minecraft:killed_by":{"irons_spellbooks:cryomancer":3,"born_in_chaos_v1:corpse_fly":2,"minecraft:vindicator":1,"irons_spellbooks:citadel_keeper":1,"minecraft:silverfish":2,"born_in_chaos_v1:diamond_termite":1,"minecraft:cave_spider":3,"iceandfire:ice_dragon":6,"minecraft:zombie":3,"minecraft:player":11,"minecraft:stray":3,"born_in_chaos_v1:dark_vortex":1,"born_in_chaos_v1:decrepit_skeleton":1,"minecraft:skeleton":4,"iceandfire:lightning_dragon":2,"irons_spellbooks:apothecarist":1},"minecraft:mined":{"minecraft:white_bed":1,"irons_spellbooks:armor_pile":1,"create:andesite_casing":1,"minecraft:obsidian":15,"minecraft:granite":1,"minecraft:budding_amethyst":1,"minecraft:grass_block":2,"minecraft:jungle_log":20,"minecraft:spawner":33,"minecraft:magma_block":2,"create:cut_andesite":3,"quark:limestone_wall":1,"minecraft:fire":1,"minecraft:cobbled_deepslate":2,"minecraft:pumpkin":7,"minecraft:moss_carpet":1,"regions_unexplored:pine_leaves":1,"create:cut_crimsite_slab":1,"minecraft:dirt_path":1,"minecraft:oak_stairs":1,"minecraft:iron_bars":10,"quark:limestone":13,"create:limestone":17,"minecraft:tripwire":1,"vinery:jungle_grape_bush_red":2,"quark:gold_bars":1,"born_in_chaos_v1:infected_deepslate_diamond_ore":1,"quark:charcoal_block":2,"minecraft:calcite":5,"minecraft:polished_andesite_stairs":22,"minecraft:cobblestone":6,"minecraft:damaged_anvil":1,"minecraft:wall_torch":2,"create:cuckoo_clock":1,"minecraft:amethyst_block":6,"regions_unexplored:hyssop":1,"quark:obsidian_pressure_plate":5,"sophisticatedbackpacks:diamond_backpack":2,"minecraft:tnt":1,"minecraft:stone_brick_stairs":2,"minecraft:grass":3,"minecraft:oak_log":15,"minecraft:dirt":11,"minecraft:netherrack":26,"minecraft:oak_leaves":1,"minecraft:deepslate":2,"minecraft:emerald_block":5,"regions_unexplored:fireweed":2,"minecraft:crying_obsidian":7,"minecraft:light_gray_stained_glass_pane":1,"minecraft:mossy_cobblestone":3,"minecraft:deepslate_diamond_ore":1,"minecraft:candle":31,"minecraft:dark_oak_log":1,"minecraft:nether_bricks":1,"minecraft:cobbled_deepslate_slab":1,"quark:jasper_bricks_stairs":1,"create:ochrum":2,"ancient_elements:meteorite_block":2,"regions_unexplored:dead_log":10,"minecraft:moss_block":3,"quark:jasper_vertical_slab":1,"quark:jasper":1,"minecraft:hay_block":6,"minecraft:furnace":1,"minecraft:raw_gold_block":2,"quark:polished_limestone":2,"minecraft:andesite":3,"minecraft:diamond_block":1,"minecraft:gold_block":3,"minecraft:bookshelf":2,"quark:polished_jasper":1,"minecraft:rail":1,"minecraft:vine":8,"crittersandcompanions:silk_cocoon":1,"quark:limestone_bricks_wall":1,"create:polished_cut_andesite":3,"regions_unexplored:medium_grass":1,"quark:limestone_bricks":2,"irons_spellbooks:inscription_table":3,"minecraft:stone":59,"supplementaries:statue":1,"relics:researching_table":1,"minecraft:crafting_table":1,"minecraft:andesite_slab":2,"create:cut_deepslate":1,"minecraft:tall_grass":2,"regions_unexplored:daisy":1,"minecraft:diorite":8,"supplementaries:urn":1,"minecraft:birch_planks":1,"minecraft:ice":1,"minecraft:yellow_bed":1,"create:mechanical_drill":3,"ars_nouveau:mage_block":6,"minecraft:coal_ore":2,"vinery:jungle_grape_bush_white":4,"minecraft:polished_andesite":6,"minecraft:gold_ore":1,"minecraft:deepslate_emerald_ore":2,"minecraft:fern":3},"minecraft:killed":{"minecraft:cave_spider":28,"born_in_chaos_v1:zombie_lumberjack":2,"born_in_chaos_v1:restless_spirit":2,"creeperoverhaul:beach_creeper":1,"irons_spellbooks:pyromancer":1,"minecraft:spider":11,"irons_spellbooks:cryomancer":1,"born_in_chaos_v1:baby_skeleton_minion":2,"naturalist:snail":4,"minecraft:skeleton":14,"alexsmobs:leafcutter_ant":1,"minecraft:silverfish":8,"irons_spellbooks:archevoker":1,"minecraft:skeleton_horse":2,"born_in_chaos_v1:diamond_termite":2,"born_in_chaos_v1:zombie_fisherman":1,"minecraft:pillager":5,"minecraft:zombie":18,"born_in_chaos_v1:dread_hound":3,"born_in_chaos_v1:corpse_fly":2,"minecraft:stray":6,"minecraft:vindicator":1,"born_in_chaos_v1:maggot":10,"born_in_chaos_v1:barrel_zombie":2,"born_in_chaos_v1:baby_skeleton":3,"irons_spellbooks:citadel_keeper":2,"enemyexpansion:sprinter":2,"minecraft:ravager":1,"born_in_chaos_v1:bloody_gadfly":1,"born_in_chaos_v1:decaying_zombie":1,"born_in_chaos_v1:dark_vortex":1,"iceandfire:ice_dragon":1,"minecraft:wither_skeleton":2,"minecraft:enderman":1},"minecraft:crafted":{"irons_spellbooks:copper_spell_book":1,"minecraft:crafting_table":5,"minecraft:diamond_pickaxe":1,"sophisticatedbackpacks:diamond_backpack":2,"minecraft:stick":8,"minecraft:gold_ingot":3,"minecraft:furnace":1,"immersive_melodies:flute":1,"sophisticatedbackpacks:iron_backpack":2,"sophisticatedbackpacks:gold_backpack":2,"regions_unexplored:dead_planks":9,"minecraft:air":46,"minecraft:jungle_planks":12},"minecraft:picked_up":{"irons_spellbooks:scroll":4,"irons_spellbooks:affinity_ring":1,"minecraft:diamond_sword":1,"minecraft:enchanted_book":1,"minecraft:knowledge_book":2,"create:cut_andesite":2,"minecraft:stone_brick_stairs":1,"minecraft:amethyst_block":6,"minecraft:string":34,"minecraft:raw_copper":3,"create:limestone":9,"irons_spellbooks:heavy_chain_necklace":1,"ancient_elements:meteorite_block":4,"irons_spellbooks:arcane_essence":18,"alexsmobs:banana":2,"minecraft:gold_nugget":10,"minecraft:cobbled_deepslate":2,"minecraft:calcite":5,"minecraft:azalea":1,"irons_spellbooks:inscription_table":3,"regions_unexplored:pine_shrub":1,"minecraft:furnace":1,"vinery:jungle_grape_seeds_white":2,"minecraft:tipped_arrow":1,"quark:jasper_vertical_slab":1,"minecraft:stick":26,"apotheosis:gem":3,"minecraft:torch":2,"quark:jasper_bricks_stairs":1,"create:andesite_casing":1,"tombstone:grave_dust":4,"irons_spellbooks:fire_rune":1,"quark:charcoal_block":1,"minecraft:golden_chestplate":1,"regions_unexplored:daisy":1,"minecraft:rotten_flesh":21,"create:ochrum":1,"supplementaries:ash":1,"minecraft:blaze_rod":7,"irons_spellbooks:magic_cloth":1,"minecraft:obsidian":16,"minecraft:iron_bars":13,"minecraft:cobblestone":251,"minecraft:andesite":7,"minecraft:jungle_log":27,"evilcraft:flesh_humanoid":2,"supplementaries:flax_seeds":2,"minecraft:lapis_lazuli":7,"minecraft:dirt":6,"minecraft:leather_boots":2,"minecraft:bone":17,"farmersdelight:iron_knife":1,"minecraft:bow":1,"minecraft:wheat_seeds":3,"create:mechanical_drill":3,"minecraft:raw_gold":5,"minecraft:cobbled_deepslate_slab":2,"quark:soul_bead":1,"create:polished_cut_andesite":1,"minecraft:ghast_tear":1,"quark:limestone_bricks":2,"irons_spellbooks:frozen_bone":18,"irons_spellbooks:legendary_ink":1,"create:cuckoo_clock":1,"iceandfire:dragon_skull_fire":1,"minecraft:jungle_planks":4,"minecraft:diamond_block":1,"minecraft:mossy_cobblestone":3,"quark:jasper":4,"quark:gold_bars":1,"irons_spellbooks:ice_rune":1,"minecraft:bundle":2,"minecraft:polished_andesite":7,"vinery:jungle_grapes_red":2,"minecraft:diamond":1,"waystones:waystone":1,"minecraft:golden_apple":1,"relics:researching_table":1,"quark:polished_limestone":2,"minecraft:bread":5,"minecraft:emerald":47,"alexsmobs:maggot":1,"minecraft:oak_sapling":9,"minecraft:netherrack":25,"minecraft:andesite_slab":2,"iceandfire:silver_nugget":4,"minecraft:oak_leaves":1,"minecraft:diamond_pickaxe":1,"sophisticatedbackpacks:gold_backpack":1,"born_in_chaos_v1:diamond_termite_shard":2,"minecraft:crafting_table":1,"minecraft:gold_block":6,"minecraft:shield":1,"regions_unexplored:dead_log":9,"minecraft:oak_trapdoor":2,"minecraft:moss_carpet":1,"minecraft:iron_axe":2,"minecraft:netherite_scrap":1,"supplementaries:statue":1,"irons_spellbooks:conjurers_talisman":1,"minecraft:candle":81,"irons_spellbooks:epic_ink":2,"minecraft:jungle_sapling":1,"minecraft:iron_nugget":27,"regions_unexplored:redwood_planks":8,"quark:obsidian_pressure_plate":7,"minecraft:stone":1,"minecraft:raw_gold_block":9,"relics:rage_glove":3,"alexscaves:primordial_pants":1,"alexscaves:primordial_helmet":1,"born_in_chaos_v1:pieceofdarkmetal":2,"irons_spellbooks:evocation_rune":1,"minecraft:diamond_chestplate":2,"minecraft:arrow":16,"minecraft:nether_bricks":1,"minecraft:hay_block":6,"minecraft:saddle":1,"minecraft:gold_ingot":2,"minecraft:rail":3,"born_in_chaos_v1:corpse_maggot":2,"born_in_chaos_v1:monster_flesh":3,"vinery:jungle_grape_seeds_red":1,"minecraft:red_mushroom":2,"waystones:sandy_waystone":1,"minecraft:oak_log":15,"minecraft:yellow_bed":1,"quark:limestone_bricks_wall":1,"minecraft:golden_boots":1,"minecraft:gunpowder":21,"quark:limestone":4,"endrem:undead_soul":1,"irons_spellbooks:rare_ink":2,"quark:polished_jasper":1,"minecraft:spawner":5,"irons_spellbooks:common_ink":2,"minecraft:apple":2,"quark:limestone_wall":1,"ancient_elements:raw_meteorite":4,"minecraft:rabbit_hide":7,"minecraft:iron_ingot":2,"minecraft:stone_pickaxe":2,"create:cut_deepslate":1,"tombstone:bag_of_seeds":1,"irons_spellbooks:cinder_essence":2,"minecraft:iron_sword":1,"sophisticatedbackpacks:diamond_backpack":2,"minecraft:book":6,"minecraft:emerald_block":6,"regions_unexplored:willow_sapling":11,"minecraft:pumpkin":7,"quark:glass_item_frame":1,"born_in_chaos_v1:ethereal_spirit":3,"born_in_chaos_v1:dark_rod":1,"minecraft:amethyst_shard":8,"minecraft:white_bed":1,"magistuarmory:rustedchainmail_leggings":3,"minecraft:crying_obsidian":7,"quark:jasper_bricks":3,"minecraft:spider_eye":10,"minecraft:slime_ball":2,"minecraft:damaged_anvil":1,"minecraft:coal":15,"regions_unexplored:small_oak_log":3},"minecraft:dropped":{"minecraft:iron_sword":1,"minecraft:glass_bottle":1,"quark:gold_bars":1,"regions_unexplored:willow_sapling":11,"minecraft:rail":3,"minecraft:dirt":6,"minecraft:snowball":4,"theoneprobe:probenote":1,"minecraft:jungle_sapling":1,"minecraft:iron_pickaxe":1,"minecraft:gold_ingot":2,"magistuarmory:rustedchainmail_leggings":2,"minecraft:andesite_slab":1,"minecraft:obsidian":1,"minecraft:rotten_flesh":10,"evilcraft:flesh_humanoid":1,"patchouli:guide_book":1,"quark:jasper_bricks_stairs":1,"minecraft:tipped_arrow":1,"iceandfire:armor_silver_metal_boots":1,"minecraft:gunpowder":13,"minecraft:jungle_log":7,"born_in_chaos_v1:corpse_maggot":2,"create:limestone":8,"minecraft:iron_bars":8,"iceandfire:manuscript":1,"minecraft:wheat_seeds":4,"quark:obsidian_pressure_plate":7,"minecraft:mossy_cobblestone":3,"minecraft:knowledge_book":15,"crittersandcompanions:dragonfly_wing":56,"vinery:jungle_grape_seeds_red":1,"minecraft:grass_block":1,"minecraft:coal":4,"minecraft:stick":16,"minecraft:polished_andesite":7,"regions_unexplored:small_oak_log":3,"tombstone:grave_key":1,"create:polished_cut_andesite":1,"quark:jasper_bricks":1,"minecraft:string":14,"iceandfire:silver_nugget":64,"minecraft:moss_carpet":1,"alexsmobs:maggot":1,"quark:jasper_vertical_slab":1,"create:cut_deepslate":1,"ancient_elements:meteorite_block":4,"supplementaries:dispenser_minecart":1,"iceandfire:dragon_ice":1,"minecraft:filled_map":1,"minecraft:stone":1,"minecraft:shield":1,"minecraft:andesite":1,"minecraft:yellow_bed":1,"minecraft:oak_sapling":1,"minecraft:spider_eye":1,"minecraft:stone_pickaxe":1,"minecraft:calcite":5}},"DataVersion":3465}