{"stats":{"minecraft:crafted":{"quark:birch_chest":14,"minecraft:iron_axe":1,"minecraft:chest":14,"minecraft:crafting_table":1,"minecraft:spruce_planks":21,"farmersdelight:egg_sandwich":1,"minecraft:birch_planks":28,"minecraft:air":258,"minecraft:stick":6,"minecraft:iron_ingot":1,"minecraft:iron_pickaxe":1,"minecraft:spruce_fence_gate":7,"minecraft:shears":1},"minecraft:killed_by":{"minecraft:player":3,"born_in_chaos_v1:decaying_zombie":1,"minecraft:skeleton":1},"minecraft:used":{"regions_unexplored:silt_dirt":62,"minecraft:iron_shovel":103,"minecraft:spruce_slab":2,"iceandfire:dragon_skull_ice":5,"minecraft:spruce_planks":20,"farmersdelight:stove":2,"minecraft:chest":2,"minecraft:white_terracotta":9,"minecraft:iron_sword":3,"regions_unexplored:white_snowbelle":1,"quark:spruce_bookshelf":1,"minecraft:iron_chestplate":1,"minecraft:stick":1,"minecraft:torch":3,"minecraft:dirt":71,"minecraft:spruce_stairs":9,"quark:white_shingles":1,"minecraft:spruce_fence":8,"minecraft:snowball":16,"supplementaries:doormat":5,"minecraft:iron_axe":25,"minecraft:grass_block":3,"regions_unexplored:silver_birch_leaf_pile":2,"farmersdelight:cutting_board":1,"create:shaft":1,"magistuarmory:rusted_bastardsword":46,"minecraft:furnace":2,"minecraft:beetroot_seeds":5,"farmersdelight:cooking_pot":1,"tombstone:gift":1,"crittersandcompanions:jumping_spider_spawn_egg":1,"regions_unexplored:maple_leaves":16,"minecraft:stripped_spruce_wood":17,"minecraft:spruce_door":1,"farmersdelight:skillet":2,"crittersandcompanions:silk_cocoon":1,"minecraft:spruce_fence_gate":6,"minecraft:crafting_table":2,"minecraft:campfire":1,"minecraft:white_bed":2,"minecraft:shears":24,"minecraft:oak_log":11,"minecraft:apple":26,"vinery:flower_box":7,"minecraft:iron_pickaxe":49,"tombstone:grave_key":8,"supplementaries:rope":2,"quark:light_gray_framed_glass_pane":3,"minecraft:cobblestone":1,"farmersdelight:egg_sandwich":1,"quark:spruce_ladder":1,"minecraft:coarse_dirt":3},"minecraft:picked_up":{"minecraft:charcoal":40,"minecraft:crafting_table":1,"minecraft:coarse_dirt":1,"minecraft:wheat":1,"minecraft:allium":1,"regions_unexplored:silt_dirt":64,"regions_unexplored:maple_leaves":16,"minecraft:string":2,"minecraft:moss_carpet":3,"minecraft:beetroot":5,"minecraft:cracked_stone_bricks":22,"regions_unexplored:white_snowbelle":1,"minecraft:iron_nugget":2,"minecraft:iron_pickaxe":2,"minecraft:chest":1,"minecraft:egg":3,"minecraft:stick":35,"minecraft:raw_iron":1,"iceandfire:dragonbone":22,"regions_unexplored:silver_birch_leaf_pile":25,"minecraft:torch":2,"minecraft:spruce_fence":6,"quark:blossom_log":29,"magistuarmory:rustedkettlehat":1,"tombstone:grave_dust":1,"minecraft:carrot":4,"quark:oak_leaf_carpet":1,"vinery:flower_box":2,"iceandfire:dragon_skull_ice":5,"farmersdelight:fried_egg":3,"minecraft:arrow":14,"minecraft:rotten_flesh":4,"minecraft:beetroot_seeds":14,"crittersandcompanions:silk":7,"minecraft:white_terracotta":7,"minecraft:snowball":32,"minecraft:cobblestone":5,"minecraft:potato":29,"minecraft:torchflower":2,"minecraft:oak_log":17,"minecraft:gunpowder":3,"farmersdelight:skillet":1,"minecraft:dirt":96,"supplementaries:doormat":1,"minecraft:glass":16,"minecraft:bone":6,"minecraft:stone_bricks":16,"minecraft:wheat_seeds":31,"quark:blue_blossom_sapling":3,"minecraft:book":3,"regions_unexplored:silver_birch_sapling":7,"supplementaries:sack":2,"minecraft:spruce_sapling":13,"minecraft:white_bed":2,"minecraft:spruce_log":21,"minecraft:lily_of_the_valley":1,"minecraft:barrel":4,"minecraft:spider_eye":2,"quark:white_shingles":1,"minecraft:spruce_door":1,"minecraft:mossy_cobblestone":1,"minecraft:spruce_fence_gate":2,"magistuarmory:rusted_bastardsword":1,"regions_unexplored:silver_birch_log":31,"minecraft:crossbow":1,"minecraft:rooted_dirt":1,"minecraft:oak_sapling":2,"minecraft:coal":7,"minecraft:ender_pearl":2},"minecraft:killed":{"minecraft:spider":4,"enemyexpansion:direwolf":2,"minecraft:skeleton":3,"born_in_chaos_v1:baby_skeleton":1,"iceandfire:cockatrice":1,"born_in_chaos_v1:decrepit_skeleton":1,"born_in_chaos_v1:corpse_fly":1},"minecraft:broken":{"magistuarmory:rustedkettlehat":1},"minecraft:mined":{"minecraft:white_bed":2,"minecraft:grass_block":40,"regions_unexplored:maple_leaves":26,"minecraft:spruce_leaves":1,"minecraft:spawner":2,"minecraft:carrots":4,"minecraft:iron_ore":1,"minecraft:barrel":4,"minecraft:snow":7,"regions_unexplored:mossy_stone":1,"regions_unexplored:frozen_grass":2,"minecraft:potatoes":29,"minecraft:bookshelf":1,"supplementaries:stick":1,"minecraft:dirt_path":1,"crittersandcompanions:silk_cocoon":2,"regions_unexplored:white_snowbelle":1,"regions_unexplored:medium_grass":3,"minecraft:stone":1,"regions_unexplored:silt_grass_block":9,"lootr:lootr_chest":1,"minecraft:snow_block":13,"minecraft:powder_snow":11,"minecraft:crafting_table":1,"minecraft:torch":1,"regions_unexplored:silt_dirt":17,"quark:blossom_log":29,"supplementaries:sack":2,"minecraft:cobblestone":2,"supplementaries:urn":1,"farmersdelight:skillet":1,"minecraft:wheat":2,"minecraft:spruce_log":21,"minecraft:grass":11,"minecraft:oak_log":10,"minecraft:coal_ore":1,"minecraft:beetroots":5,"regions_unexplored:silver_birch_log":53,"minecraft:dirt":9,"minecraft:cracked_stone_bricks":23,"minecraft:stone_bricks":16},"minecraft:dropped":{"minecraft:enchanted_book":1,"minecraft:wheat_seeds":22,"minecraft:cobblestone":2,"minecraft:knowledge_book":8,"minecraft:rooted_dirt":1,"minecraft:stick":13,"minecraft:dirt":26,"ars_nouveau:worn_notebook":1,"theoneprobe:probenote":1,"minecraft:iron_pickaxe":1,"regions_unexplored:silver_birch_leaf_pile":16,"minecraft:spruce_sapling":6,"minecraft:iron_nugget":2,"alexsmobs:animal_dictionary":1,"minecraft:rotten_flesh":2,"patchouli:guide_book":4,"regions_unexplored:orange_coneflower":1,"regions_unexplored:silt_dirt":1},"minecraft:custom":{"lootr:looted_stat":36,"minecraft:mob_kills":15,"minecraft:interact_with_crafting_table":6,"minecraft:open_barrel":5,"minecraft:bell_ring":1,"minecraft:damage_dealt_resisted":0,"minecraft:leave_game":2,"minecraft:time_since_death":41754,"minecraft:climb_one_cm":9765,"minecraft:damage_resisted":0,"minecraft:sprint_one_cm":312660,"minecraft:walk_one_cm":241170,"minecraft:drop":38,"minecraft:play_time":83162,"minecraft:deaths":5,"minecraft:sneak_time":2193,"minecraft:walk_under_water_one_cm":1651,"minecraft:interact_with_brewingstand":1,"minecraft:jump":1178,"minecraft:walk_on_water_one_cm":9181,"minecraft:total_world_time":83162,"minecraft:interact_with_furnace":2,"minecraft:interact_with_grindstone":1,"minecraft:sleep_in_bed":2,"minecraft:time_since_rest":22117,"minecraft:damage_taken":2005,"minecraft:damage_dealt":2663,"minecraft:swim_one_cm":8656,"minecraft:fly_one_cm":311835,"minecraft:open_chest":10,"minecraft:crouch_one_cm":3840,"tombstone:undead_killed":5,"minecraft:fall_one_cm":29883}},"DataVersion":3465}