{"stats":{"minecraft:custom":{"lootr:looted_stat":129,"minecraft:interact_with_crafting_table":13,"minecraft:open_barrel":15,"minecraft:bell_ring":7,"minecraft:leave_game":4,"minecraft:time_since_death":4824,"minecraft:damage_resisted":0,"minecraft:sprint_one_cm":371226,"minecraft:drop":61,"minecraft:talked_to_villager":3,"minecraft:play_time":231360,"minecraft:deaths":41,"minecraft:jump":2327,"minecraft:walk_on_water_one_cm":16284,"minecraft:interact_with_furnace":3,"minecraft:sleep_in_bed":2,"minecraft:damage_dealt":17650,"minecraft:player_kills":3,"minecraft:crouch_one_cm":13588,"tombstone:undead_killed":14,"minecraft:mob_kills":78,"minecraft:damage_dealt_resisted":0,"minecraft:climb_one_cm":19313,"minecraft:walk_one_cm":350408,"minecraft:damage_dealt_absorbed":80,"minecraft:walk_under_water_one_cm":4331,"minecraft:sneak_time":5818,"minecraft:total_world_time":231360,"tombstone:raider_killed":7,"minecraft:time_since_rest":4644,"minecraft:damage_taken":12457,"minecraft:damage_absorbed":100,"minecraft:swim_one_cm":14823,"minecraft:fly_one_cm":1754732,"minecraft:open_chest":5,"minecraft:fall_one_cm":74231},"minecraft:picked_up":{"irons_spellbooks:scroll":4,"irons_spellbooks:affinity_ring":1,"minecraft:knowledge_book":2,"create:cut_andesite":2,"minecraft:stone_brick_stairs":1,"minecraft:amethyst_block":6,"minecraft:string":34,"minecraft:raw_copper":3,"create:limestone":1,"irons_spellbooks:heavy_chain_necklace":1,"irons_spellbooks:arcane_essence":18,"alexsmobs:banana":2,"minecraft:gold_nugget":10,"minecraft:cobbled_deepslate":2,"minecraft:azalea":1,"irons_spellbooks:inscription_table":3,"regions_unexplored:pine_shrub":1,"vinery:jungle_grape_seeds_white":2,"minecraft:furnace":1,"quark:jasper_vertical_slab":1,"minecraft:stick":20,"apotheosis:gem":3,"minecraft:torch":2,"quark:jasper_bricks_stairs":1,"tombstone:grave_dust":2,"irons_spellbooks:fire_rune":1,"minecraft:golden_chestplate":1,"quark:charcoal_block":1,"regions_unexplored:daisy":1,"minecraft:rotten_flesh":12,"create:ochrum":1,"supplementaries:ash":1,"minecraft:blaze_rod":7,"irons_spellbooks:magic_cloth":1,"minecraft:obsidian":15,"minecraft:iron_bars":2,"minecraft:cobblestone":163,"minecraft:jungle_log":27,"minecraft:andesite":7,"supplementaries:flax_seeds":2,"minecraft:lapis_lazuli":7,"minecraft:leather_boots":1,"minecraft:bone":7,"farmersdelight:iron_knife":1,"minecraft:bow":1,"minecraft:wheat_seeds":1,"minecraft:raw_gold":5,"minecraft:cobbled_deepslate_slab":2,"quark:soul_bead":1,"create:polished_cut_andesite":1,"minecraft:ghast_tear":1,"quark:limestone_bricks":2,"irons_spellbooks:frozen_bone":9,"irons_spellbooks:legendary_ink":1,"create:cuckoo_clock":1,"iceandfire:dragon_skull_fire":1,"minecraft:jungle_planks":4,"minecraft:diamond_block":1,"quark:jasper":4,"quark:gold_bars":1,"minecraft:bundle":2,"irons_spellbooks:ice_rune":1,"minecraft:polished_andesite":7,"vinery:jungle_grapes_red":2,"minecraft:diamond":1,"quark:polished_limestone":2,"minecraft:golden_apple":1,"relics:researching_table":1,"minecraft:emerald":47,"minecraft:bread":5,"minecraft:oak_sapling":9,"minecraft:netherrack":24,"minecraft:andesite_slab":2,"iceandfire:silver_nugget":4,"minecraft:oak_leaves":1,"sophisticatedbackpacks:gold_backpack":1,"born_in_chaos_v1:diamond_termite_shard":2,"minecraft:crafting_table":1,"minecraft:gold_block":6,"regions_unexplored:dead_log":9,"minecraft:oak_trapdoor":2,"minecraft:moss_carpet":1,"minecraft:iron_axe":2,"minecraft:netherite_scrap":1,"supplementaries:statue":1,"irons_spellbooks:conjurers_talisman":1,"minecraft:candle":81,"irons_spellbooks:epic_ink":2,"minecraft:jungle_sapling":1,"minecraft:iron_nugget":27,"regions_unexplored:redwood_planks":8,"quark:obsidian_pressure_plate":7,"minecraft:stone":1,"minecraft:raw_gold_block":9,"relics:rage_glove":3,"alexscaves:primordial_pants":1,"alexscaves:primordial_helmet":1,"born_in_chaos_v1:pieceofdarkmetal":2,"irons_spellbooks:evocation_rune":1,"minecraft:arrow":10,"minecraft:hay_block":6,"minecraft:saddle":1,"minecraft:gold_ingot":2,"minecraft:rail":3,"born_in_chaos_v1:corpse_maggot":2,"born_in_chaos_v1:monster_flesh":3,"vinery:jungle_grape_seeds_red":1,"minecraft:red_mushroom":2,"waystones:sandy_waystone":1,"minecraft:oak_log":15,"quark:limestone_bricks_wall":1,"minecraft:golden_boots":1,"minecraft:gunpowder":19,"quark:limestone":4,"endrem:undead_soul":1,"quark:polished_jasper":1,"irons_spellbooks:rare_ink":2,"irons_spellbooks:common_ink":2,"minecraft:apple":2,"quark:limestone_wall":1,"minecraft:rabbit_hide":7,"minecraft:iron_ingot":1,"create:cut_deepslate":1,"irons_spellbooks:cinder_essence":2,"minecraft:iron_sword":1,"sophisticatedbackpacks:diamond_backpack":2,"minecraft:book":6,"minecraft:emerald_block":6,"minecraft:pumpkin":7,"born_in_chaos_v1:ethereal_spirit":3,"quark:glass_item_frame":1,"born_in_chaos_v1:dark_rod":1,"minecraft:amethyst_shard":8,"minecraft:white_bed":1,"minecraft:crying_obsidian":7,"quark:jasper_bricks":3,"minecraft:spider_eye":9,"minecraft:slime_ball":1,"minecraft:damaged_anvil":1,"minecraft:coal":15},"minecraft:mined":{"minecraft:white_bed":1,"irons_spellbooks:armor_pile":1,"minecraft:obsidian":15,"minecraft:budding_amethyst":1,"minecraft:jungle_log":20,"minecraft:spawner":11,"create:cut_andesite":3,"quark:limestone_wall":1,"minecraft:cobbled_deepslate":2,"minecraft:moss_carpet":1,"minecraft:pumpkin":7,"regions_unexplored:pine_leaves":1,"create:cut_crimsite_slab":1,"minecraft:oak_stairs":1,"minecraft:iron_bars":2,"quark:limestone":4,"create:limestone":1,"minecraft:tripwire":1,"vinery:jungle_grape_bush_red":2,"quark:gold_bars":1,"born_in_chaos_v1:infected_deepslate_diamond_ore":1,"quark:charcoal_block":2,"minecraft:damaged_anvil":1,"minecraft:wall_torch":2,"minecraft:amethyst_block":6,"create:cuckoo_clock":1,"regions_unexplored:hyssop":1,"quark:obsidian_pressure_plate":5,"sophisticatedbackpacks:diamond_backpack":2,"minecraft:tnt":1,"minecraft:stone_brick_stairs":2,"minecraft:grass":2,"minecraft:oak_log":15,"minecraft:netherrack":25,"minecraft:oak_leaves":1,"minecraft:deepslate":2,"minecraft:emerald_block":5,"regions_unexplored:fireweed":2,"minecraft:crying_obsidian":7,"minecraft:light_gray_stained_glass_pane":1,"minecraft:deepslate_diamond_ore":1,"minecraft:candle":31,"minecraft:dark_oak_log":1,"minecraft:cobbled_deepslate_slab":1,"quark:jasper_bricks_stairs":1,"create:ochrum":2,"regions_unexplored:dead_log":10,"minecraft:moss_block":3,"quark:jasper_vertical_slab":1,"quark:jasper":1,"minecraft:hay_block":6,"minecraft:furnace":1,"minecraft:raw_gold_block":2,"quark:polished_limestone":2,"minecraft:andesite":3,"minecraft:diamond_block":1,"minecraft:gold_block":3,"minecraft:bookshelf":2,"quark:polished_jasper":1,"minecraft:vine":8,"minecraft:rail":1,"crittersandcompanions:silk_cocoon":1,"quark:limestone_bricks_wall":1,"create:polished_cut_andesite":3,"regions_unexplored:medium_grass":1,"quark:limestone_bricks":2,"irons_spellbooks:inscription_table":3,"minecraft:stone":20,"supplementaries:statue":1,"relics:researching_table":1,"minecraft:crafting_table":1,"minecraft:andesite_slab":2,"create:cut_deepslate":1,"minecraft:tall_grass":2,"regions_unexplored:daisy":1,"supplementaries:urn":1,"minecraft:birch_planks":1,"minecraft:ice":1,"vinery:jungle_grape_bush_white":4,"minecraft:polished_andesite":3,"minecraft:gold_ore":1,"minecraft:deepslate_emerald_ore":2},"minecraft:broken":{"minecraft:iron_boots":1,"minecraft:iron_chestplate":1,"minecraft:iron_leggings":1,"minecraft:iron_helmet":1},"minecraft:dropped":{"minecraft:iron_sword":1,"quark:gold_bars":1,"minecraft:rail":3,"theoneprobe:probenote":1,"minecraft:jungle_sapling":1,"minecraft:iron_pickaxe":1,"minecraft:gold_ingot":2,"minecraft:andesite_slab":1,"minecraft:rotten_flesh":9,"patchouli:guide_book":1,"quark:jasper_bricks_stairs":1,"minecraft:gunpowder":12,"born_in_chaos_v1:corpse_maggot":2,"minecraft:jungle_log":7,"minecraft:wheat_seeds":1,"quark:obsidian_pressure_plate":7,"minecraft:knowledge_book":15,"crittersandcompanions:dragonfly_wing":56,"vinery:jungle_grape_seeds_red":1,"minecraft:grass_block":1,"minecraft:coal":4,"minecraft:stick":10,"minecraft:polished_andesite":7,"tombstone:grave_key":1,"create:polished_cut_andesite":1,"quark:jasper_bricks":1,"minecraft:string":14,"minecraft:moss_carpet":1,"quark:jasper_vertical_slab":1,"create:cut_deepslate":1,"supplementaries:dispenser_minecart":1,"minecraft:filled_map":1,"minecraft:stone":1,"minecraft:andesite":1,"minecraft:oak_sapling":1,"minecraft:spider_eye":1},"minecraft:crafted":{"irons_spellbooks:copper_spell_book":1,"minecraft:crafting_table":5,"minecraft:diamond_pickaxe":1,"sophisticatedbackpacks:diamond_backpack":2,"minecraft:stick":8,"minecraft:gold_ingot":3,"minecraft:furnace":1,"immersive_melodies:flute":1,"sophisticatedbackpacks:iron_backpack":2,"sophisticatedbackpacks:gold_backpack":2,"regions_unexplored:dead_planks":9,"minecraft:air":46,"minecraft:jungle_planks":12},"minecraft:killed":{"minecraft:cave_spider":28,"born_in_chaos_v1:restless_spirit":2,"irons_spellbooks:pyromancer":1,"minecraft:spider":1,"irons_spellbooks:cryomancer":1,"naturalist:snail":1,"minecraft:skeleton":3,"alexsmobs:leafcutter_ant":1,"minecraft:silverfish":8,"irons_spellbooks:archevoker":1,"minecraft:skeleton_horse":2,"born_in_chaos_v1:diamond_termite":2,"minecraft:pillager":5,"minecraft:zombie":5,"minecraft:stray":3,"minecraft:vindicator":1,"born_in_chaos_v1:maggot":5,"irons_spellbooks:citadel_keeper":2,"enemyexpansion:sprinter":1,"minecraft:ravager":1,"born_in_chaos_v1:dark_vortex":1,"iceandfire:ice_dragon":1},"minecraft:killed_by":{"irons_spellbooks:cryomancer":3,"minecraft:vindicator":1,"irons_spellbooks:citadel_keeper":1,"minecraft:silverfish":2,"born_in_chaos_v1:diamond_termite":1,"minecraft:cave_spider":3,"iceandfire:ice_dragon":6,"minecraft:zombie":1,"minecraft:player":5,"minecraft:stray":1,"born_in_chaos_v1:dark_vortex":1,"minecraft:skeleton":3,"irons_spellbooks:apothecarist":1},"minecraft:used":{"irons_spellbooks:inscription_table":3,"minecraft:chest":4,"minecraft:stone":4,"minecraft:iron_sword":85,"sophisticatedbackpacks:diamond_backpack":2,"minecraft:grass_block":1,"minecraft:furnace":1,"relics:researching_table":1,"simplyswords:runic_greathammer":150,"minecraft:oak_leaves":1,"irons_spellbooks:keeper_spawn_egg":1,"minecraft:creeper_spawn_egg":1,"minecraft:bread":15,"minecraft:string":1,"quark:jasper":2,"tombstone:grave_key":18,"create:honeyed_apple":2,"minecraft:oak_trapdoor":2,"minecraft:trident":16,"create:cuckoo_clock":1,"vinery:jungle_grapes_red":2,"minecraft:torch":10,"minecraft:iron_axe":35,"minecraft:iron_boots":1,"evilcraft:flesh_humanoid":1,"create:cut_andesite":2,"minecraft:goat_horn":2,"alexsmobs:banana":2,"tombstone:gift":4,"crittersandcompanions:jumping_spider_spawn_egg":1,"farmersdelight:iron_knife":32,"regions_unexplored:dead_planks":9,"ancient_elements:iron_hammer":31,"minecraft:crafting_table":6,"minecraft:white_bed":1,"minecraft:diamond_pickaxe":131,"minecraft:apple":2,"minecraft:iron_pickaxe":1,"minecraft:cobblestone":141}},"DataVersion":3465}