{"stats":{"minecraft:crafted":{"minecraft:oak_planks":2,"minecraft:chainmail_helmet":2,"quark:birch_chest":14,"supplementaries:jar_boat":1,"minecraft:chest":14,"sophisticatedbackpacks:backpack":1,"minecraft:crafting_table":1,"minecraft:spruce_planks":21,"farmersdelight:egg_sandwich":1,"minecraft:birch_planks":35,"tombstone:white_marble":6,"minecraft:wooden_hoe":2,"minecraft:diamond_pickaxe":1,"sophisticatedbackpacks:diamond_backpack":2,"minecraft:stick":10,"quark:oak_chest":1,"minecraft:iron_ingot":1,"minecraft:iron_pickaxe":1,"minecraft:iron_block":3,"disenchanting:disenchanter":1,"minecraft:spruce_fence_gate":7,"magistuarmory:antlers_decoration":1,"minecraft:shears":1,"minecraft:diamond_hoe":1,"tombstone:strange_tablet":3,"minecraft:bone_meal":4,"minecraft:leather":2,"minecraft:iron_axe":1,"minecraft:spruce_boat":1,"minecraft:redstone_block":1,"crittersandcompanions:grappling_hook":1,"sophisticatedbackpacks:iron_backpack":2,"minecraft:enchanting_table":1,"magistuarmory:unicorn_decoration":1,"sophisticatedbackpacks:gold_backpack":2,"minecraft:air":319,"ancient_elements:palladium_drill":1,"ancient_elements:palladium_ingot":5,"ancient_elements:iron_hammer":1,"minecraft:anvil":1,"magistuarmory:medieval_bag":2},"minecraft:killed_by":{"born_in_chaos_v1:nightmare_stalker":2,"minecraft:creeper":1,"enemyexpansion:slugger":1,"twilightforest:minotaur":1,"minecraft:zombie":2,"enemyexpansion:invisicreeper":2,"minecraft:player":3,"born_in_chaos_v1:firelight":1,"born_in_chaos_v1:fallen_chaos_knight":2,"born_in_chaos_v1:decaying_zombie":1,"minecraft:panda":3,"minecraft:skeleton":4,"enemyexpansion:direwolf":1},"minecraft:used":{"regions_unexplored:silt_dirt":83,"minecraft:iron_shovel":103,"minecraft:spruce_slab":2,"farmersdelight:cabbage_seeds":72,"minecraft:diamond_hoe":469,"iceandfire:dragon_skull_ice":6,"minecraft:chest":26,"farmersdelight:stove":2,"minecraft:white_terracotta":12,"minecraft:iron_sword":150,"minecraft:farmland":18,"minecraft:iron_chestplate":1,"tombstone:scroll_of_preservation":1,"minecraft:carrot":63,"regions_unexplored:silver_birch_sapling":21,"minecraft:snowball":16,"sophisticatedbackpacks:diamond_backpack":1,"minecraft:lantern":10,"minecraft:grass_block":33,"regions_unexplored:silver_birch_leaf_pile":2,"born_in_chaos_v1:gnawed_bones":1,"magistuarmory:silver_bastardsword":179,"farmersdelight:cutting_board":1,"create:shaft":1,"minecraft:furnace":2,"magistuarmory:rusted_bastardsword":46,"minecraft:beetroot_seeds":5,"minecraft:skeleton_skull":11,"regions_unexplored:maple_leaves":16,"minecraft:stripped_spruce_wood":17,"regions_unexplored:silver_birch_log":7,"minecraft:spruce_door":1,"minecraft:chorus_fruit":1,"minecraft:chainmail_helmet":3,"tombstone:tablet_of_guard":1,"minecraft:golden_apple":3,"minecraft:shears":24,"waystones:waystone":3,"croptopia:greenonion_seed":63,"minecraft:bread":6,"vinery:flower_box":7,"tombstone:grave_key":28,"minecraft:grindstone":2,"minecraft:chain":12,"minecraft:mossy_cobblestone_wall":45,"twilightforest:raw_meef":1,"minecraft:coarse_dirt":11,"minecraft:experience_bottle":1,"supplementaries:jar_boat":2,"minecraft:enchanting_table":3,"minecraft:iron_bars":6,"minecraft:granite_stairs":4,"minecraft:flint_and_steel":25,"regions_unexplored:silt_grass_block":55,"minecraft:spruce_planks":24,"regions_unexplored:white_snowbelle":1,"minecraft:cooked_chicken":1,"quark:spruce_bookshelf":57,"minecraft:stick":1,"minecraft:torch":113,"minecraft:dirt":76,"minecraft:anvil":1,"minecraft:spruce_stairs":9,"quark:white_shingles":2,"minecraft:spruce_fence":177,"supplementaries:doormat":5,"minecraft:iron_axe":67,"minecraft:rooted_dirt":4,"farmersdelight:cooking_pot":1,"farmersdelight:cooked_mutton_chops":4,"tombstone:gift":8,"crittersandcompanions:jumping_spider_spawn_egg":1,"farmersdelight:tomato_seeds":71,"alexsmobs:unsettling_kimono":1,"minecraft:cooked_beef":8,"minecraft:cobbled_deepslate":66,"minecraft:wheat_seeds":144,"farmersdelight:iron_knife":46,"minecraft:water_bucket":19,"tombstone:scroll_of_knowledge":1,"tombstone:scroll_of_reach":1,"farmersdelight:skillet":2,"minecraft:baked_potato":5,"crittersandcompanions:silk_cocoon":1,"minecraft:spruce_fence_gate":107,"ancient_elements:iron_hammer":556,"farmersdelight:onion":81,"minecraft:crafting_table":5,"simplyswords:iron_greataxe":33,"disenchanting:disenchanter":1,"minecraft:white_bed":2,"minecraft:campfire":1,"minecraft:oak_log":13,"magistuarmory:bronze_zweihander":2,"minecraft:wooden_hoe":83,"minecraft:flower_pot":1,"minecraft:diamond_pickaxe":222,"minecraft:apple":36,"minecraft:diamond_shovel":384,"minecraft:iron_pickaxe":183,"tombstone:magic_scroll":3,"minecraft:spruce_trapdoor":10,"supplementaries:rope":2,"quark:light_gray_framed_glass_pane":3,"minecraft:stone_axe":5,"miners_delight:cave_carrot":38,"minecraft:cobblestone":26,"farmersdelight:egg_sandwich":1,"minecraft:cooked_porkchop":5,"quark:spruce_ladder":1,"minecraft:candle":121,"tombstone:scroll_of_unstable_intangibility":6},"minecraft:picked_up":{"minecraft:wheat":63,"minecraft:flower_pot":1,"artifacts:bunny_hoppers":1,"minecraft:lead":2,"regions_unexplored:silt_dirt":270,"minecraft:stone_brick_stairs":3,"ancient_elements:raw_palladium":5,"supplementaries:jar":1,"born_in_chaos_v1:black_argillite":6,"minecraft:string":15,"minecraft:raw_copper":234,"create:limestone":7,"minecraft:red_nether_bricks":1,"minecraft:experience_bottle":1,"minecraft:beetroot":5,"minecraft:cobbled_deepslate":430,"minecraft:iron_pickaxe":2,"minecraft:coal_block":1,"minecraft:golden_helmet":1,"minecraft:tipped_arrow":3,"minecraft:stick":93,"apotheosis:gem":2,"minecraft:torch":9,"quark:blossom_log":29,"minecraft:cherry_log":1,"tombstone:grave_dust":2,"minecraft:diorite":699,"born_in_chaos_v1:nightmare_claw":1,"magistuarmory:rustedcrusader_chestplate":1,"vinery:flower_box":2,"minecraft:quartz_block":6,"farmersdelight:fried_egg":3,"minecraft:rotten_flesh":27,"artifacts:villager_hat":1,"create:scoria":84,"create:ochrum":41,"minecraft:white_terracotta":7,"artifacts:panic_necklace":2,"minecraft:obsidian":4,"minecraft:iron_bars":25,"minecraft:snowball":32,"minecraft:cobblestone":2164,"minecraft:enchanting_table":2,"minecraft:andesite":145,"minecraft:potato":29,"ancient_elements:raw_lead":18,"minecraft:flint":5,"minecraft:tuff":52,"create:raw_zinc":61,"minecraft:lapis_lazuli":47,"minecraft:dirt":182,"minecraft:lantern":2,"supplementaries:doormat":1,"born_in_chaos_v1:monster_skin":4,"minecraft:glass":16,"minecraft:bone":25,"evilcraft:bloody_cobblestone":95,"minecraft:bow":1,"minecraft:wheat_seeds":277,"create_new_age:magnetite_block":4,"minecraft:mossy_stone_bricks":2,"minecraft:bamboo":1,"minecraft:mossy_stone_brick_stairs":3,"regions_unexplored:orange_coneflower":11,"miners_delight:gossypium":1,"irons_spellbooks:frozen_bone":12,"quark:shale":10,"evilcraft:dark_gem_crushed":24,"minecraft:lily_of_the_valley":1,"farmersdelight:cooked_mutton_chops":4,"minecraft:barrel":4,"minecraft:dark_oak_log":2,"minecraft:mossy_cobblestone":128,"minecraft:bundle":1,"minecraft:spruce_fence_gate":2,"create:crimsite":22,"born_in_chaos_v1:fire_dust":4,"minecraft:diamond":6,"magistuarmory:greathelm":1,"waystones:waystone":2,"minecraft:crossbow":1,"minecraft:granite":42,"minecraft:bread":10,"minecraft:chainmail_helmet":2,"minecraft:rooted_dirt":7,"minecraft:oak_sapling":9,"minecraft:chorus_fruit":1,"minecraft:oak_leaves":13,"iceandfire:raw_silver":1,"minecraft:crafting_table":2,"minecraft:charcoal":40,"minecraft:coarse_dirt":24,"create_new_age:thorium":148,"minecraft:allium":1,"minecraft:leather_leggings":1,"minecraft:chain":12,"regions_unexplored:red_maple_leaf_pile":30,"regions_unexplored:maple_leaves":16,"minecraft:moss_carpet":3,"miners_delight:cave_carrot":1,"minecraft:cracked_stone_bricks":22,"minecraft:candle":25,"regions_unexplored:maple_leaf_pile":58,"farmersdelight:straw":26,"born_in_chaos_v1:gnawed_bones":2,"regions_unexplored:white_snowbelle":1,"minecraft:iron_nugget":2,"minecraft:chest":5,"minecraft:egg":3,"minecraft:raw_iron":67,"ancient_elements:raw_steel":8,"iceandfire:dragonbone":22,"regions_unexplored:silver_birch_leaf_pile":211,"minecraft:bowl":2,"minecraft:spruce_fence":24,"ancient_elements:raw_tin":31,"magistuarmory:rustedkettlehat":2,"born_in_chaos_v1:pieceofdarkmetal":1,"minecraft:carrot":5,"minecraft:redstone":34,"quark:oak_leaf_carpet":1,"twilightforest:raw_meef":1,"iceandfire:dragon_skull_ice":6,"minecraft:polished_granite_stairs":1,"minecraft:arrow":32,"regions_unexplored:maple_sapling":2,"create:experience_nugget":13,"minecraft:beetroot_seeds":14,"minecraft:nether_bricks":10,"crittersandcompanions:silk":7,"minecraft:saddle":1,"minecraft:brick_stairs":7,"minecraft:emerald_ore":3,"born_in_chaos_v1:corpse_maggot":1,"born_in_chaos_v1:monster_flesh":2,"minecraft:glow_ink_sac":6,"croptopia:glowing_calamari":6,"minecraft:torchflower":2,"supplementaries:jar_boat":1,"minecraft:granite_stairs":4,"minecraft:oak_log":17,"minecraft:cobblestone_wall":2,"minecraft:gunpowder":5,"farmersdelight:skillet":1,"regions_unexplored:tassel":2,"alexsmobs:unsettling_kimono":1,"minecraft:apple":2,"minecraft:stone_bricks":18,"magistuarmory:bronze_zweihander":2,"artifacts:kitty_slippers":1,"quark:stick_block":9,"sophisticatedbackpacks:diamond_backpack":3,"regions_unexplored:orange_maple_leaf_pile":57,"quark:blue_blossom_sapling":3,"minecraft:book":3,"regions_unexplored:silver_birch_sapling":44,"supplementaries:sack":2,"minecraft:dripstone_block":18,"minecraft:gravel":21,"magistuarmory:silver_bastardsword":1,"magistuarmory:rustednorman_helmet":1,"minecraft:spruce_sapling":13,"minecraft:white_bed":2,"minecraft:spruce_log":21,"minecraft:gold_ore":7,"minecraft:spruce_door":1,"quark:white_shingles":2,"minecraft:spider_eye":5,"minecraft:leather_helmet":1,"minecraft:stone_axe":1,"magistuarmory:rusted_bastardsword":2,"regions_unexplored:silver_birch_log":136,"evilcraft:dark_gem":98,"minecraft:iron_helmet":2,"regions_unexplored:maple_log":23,"minecraft:mossy_cobblestone_stairs":2,"minecraft:lodestone":1,"tombstone:magic_scroll":1,"minecraft:coal":214,"minecraft:ender_pearl":2},"minecraft:killed":{"born_in_chaos_v1:zombie_lumberjack":1,"minecraft:spider":17,"minecraft:skeleton":16,"minecraft:silverfish":2,"artifacts:mimic":1,"twilightforest:minotaur":1,"minecraft:zombie_villager":1,"iceandfire:cockatrice":1,"minecraft:zombie":8,"born_in_chaos_v1:dread_hound":2,"born_in_chaos_v1:corpse_fly":2,"enemyexpansion:botfly":5,"minecraft:stray":5,"minecraft:glow_squid":2,"enemyexpansion:wasp":1,"enemyexpansion:direwolf":11,"born_in_chaos_v1:firelight":2,"born_in_chaos_v1:maggot":2,"minecraft:panda":1,"enemyexpansion:goblin":1,"born_in_chaos_v1:baby_skeleton":1,"minecraft:bat":1,"born_in_chaos_v1:decrepit_skeleton":1,"enemyexpansion:huntsman":2,"tombstone:spectral_wolf":1,"born_in_chaos_v1:nightmare_stalker":1,"enemyexpansion:slugger":3},"minecraft:broken":{"minecraft:iron_boots":2,"minecraft:iron_leggings":1,"magistuarmory:rustedchainmail_helmet":1,"magistuarmory:rustedkettlehat":1,"ancient_elements:iron_hammer":2,"minecraft:iron_helmet":1,"minecraft:wooden_hoe":1},"minecraft:dropped":{"minecraft:moss_block":4,"minecraft:lantern":1,"minecraft:rooted_dirt":1,"minecraft:flint":1,"minecraft:dirt":26,"theoneprobe:probenote":1,"minecraft:iron_pickaxe":1,"minecraft:iron_nugget":2,"alexsmobs:animal_dictionary":1,"minecraft:cobbled_deepslate":5,"minecraft:rotten_flesh":8,"artifacts:villager_hat":1,"magistuarmory:bronze_zweihander":1,"quark:shale":10,"evilcraft:flesh_humanoid":1,"sophisticatedbackpacks:diamond_backpack":2,"minecraft:carrot":1,"patchouli:guide_book":4,"create:scoria":20,"artifacts:panic_necklace":1,"born_in_chaos_v1:corpse_maggot":1,"regions_unexplored:orange_coneflower":1,"minecraft:arrow":4,"minecraft:bread":9,"minecraft:enchanted_book":1,"minecraft:wheat_seeds":22,"alexsmobs:unsettling_kimono":1,"minecraft:cobblestone":929,"minecraft:knowledge_book":17,"minecraft:chainmail_helmet":1,"minecraft:coal":86,"minecraft:stick":13,"ars_nouveau:worn_notebook":1,"minecraft:torch":1,"regions_unexplored:silver_birch_leaf_pile":16,"artifacts:bunny_hoppers":1,"minecraft:spruce_sapling":6,"artifacts:kitty_slippers":1,"minecraft:raw_copper":2,"minecraft:bowl":2,"minecraft:tuff":23,"create_new_age:magnetite_block":1,"minecraft:bundle":1,"regions_unexplored:silt_dirt":1},"minecraft:mined":{"miners_delight:wild_cave_carrots":1,"create:deepslate_zinc_ore":2,"minecraft:white_bed":2,"minecraft:farmland":4,"supplementaries:jar_boat":1,"regions_unexplored:maple_log":38,"minecraft:obsidian":4,"regions_unexplored:red_maple_shrub":1,"minecraft:granite":6,"minecraft:grass_block":91,"minecraft:spawner":46,"regions_unexplored:stone_bud":75,"minecraft:mossy_cobblestone_stairs":5,"minecraft:fire":3,"minecraft:iron_ore":20,"minecraft:barrel":4,"regions_unexplored:mossy_stone":28,"ancient_elements:tin_ore":7,"regions_unexplored:silver_birch_leaves":2,"minecraft:nether_brick_stairs":1,"minecraft:enchanting_table":2,"supplementaries:stick":1,"regions_unexplored:maple_leaf_pile":2,"minecraft:dirt_path":1,"minecraft:iron_bars":23,"regions_unexplored:white_snowbelle":1,"supplementaries:jar":1,"regions_unexplored:silt_grass_block":162,"minecraft:granite_stairs":4,"minecraft:polished_granite_stairs":1,"minecraft:deepslate_redstone_ore":2,"lootr:lootr_chest":2,"minecraft:quartz_block":9,"minecraft:powder_snow":11,"minecraft:torch":1,"minecraft:chest":2,"create:scoria":1,"quark:blossom_log":29,"minecraft:cobblestone":11,"minecraft:wall_torch":1,"minecraft:deepslate_copper_ore":2,"sophisticatedbackpacks:diamond_backpack":1,"evilcraft:dark_ore_deepslate":2,"minecraft:wheat":41,"minecraft:stone_brick_stairs":7,"minecraft:grass":27,"minecraft:oak_log":10,"minecraft:beetroots":5,"minecraft:dirt":43,"create:crimsite":5,"minecraft:oak_leaves":3,"minecraft:deepslate":89,"create:zinc_ore":8,"minecraft:tuff":4,"ancient_elements:lead_ore":1,"minecraft:mossy_cobblestone":6,"minecraft:deepslate_diamond_ore":4,"quark:shale":3,"minecraft:candle":10,"minecraft:spruce_fence":18,"born_in_chaos_v1:black_argillite":1,"minecraft:brick_stairs":7,"create_new_age:thorium_ore":9,"create:ochrum":7,"quark:potted_chorus":1,"regions_unexplored:maple_leaves":27,"regions_unexplored:silver_birch_sapling":3,"minecraft:spruce_leaves":1,"minecraft:rooted_dirt":6,"minecraft:carrots":4,"minecraft:snow":7,"minecraft:andesite":30,"evilcraft:dark_ore":14,"regions_unexplored:frozen_grass":2,"minecraft:mossy_stone_brick_stairs":6,"minecraft:bookshelf":1,"minecraft:potatoes":29,"ancient_elements:palladium_ore":5,"minecraft:deepslate_iron_ore":1,"minecraft:vine":3,"crittersandcompanions:silk_cocoon":2,"regions_unexplored:medium_grass":33,"regions_unexplored:orange_maple_leaf_pile":4,"minecraft:stone":338,"regions_unexplored:orange_coneflower":4,"ancient_elements:steel_ore":1,"regions_unexplored:silver_birch_leaf_pile":22,"minecraft:snow_block":13,"minecraft:crafting_table":2,"regions_unexplored:silt_dirt":71,"supplementaries:sack":2,"minecraft:copper_ore":12,"minecraft:lapis_ore":1,"minecraft:diorite":87,"supplementaries:urn":1,"farmersdelight:skillet":1,"minecraft:coarse_dirt":25,"minecraft:spruce_log":21,"regions_unexplored:red_maple_leaf_pile":1,"minecraft:coal_ore":38,"regions_unexplored:silver_birch_log":172,"minecraft:gravel":24,"minecraft:cobweb":2,"minecraft:lodestone":1,"minecraft:cracked_stone_bricks":24,"evilcraft:bloody_cobblestone":19,"minecraft:stone_bricks":21,"minecraft:mossy_stone_bricks":9,"regions_unexplored:tassel":1},"minecraft:custom":{"lootr:looted_stat":138,"minecraft:interact_with_crafting_table":27,"minecraft:open_barrel":5,"minecraft:bell_ring":1,"minecraft:leave_game":4,"minecraft:time_since_death":41576,"minecraft:damage_resisted":0,"minecraft:sprint_one_cm":958568,"minecraft:drop":100,"minecraft:talked_to_villager":6,"minecraft:play_time":326638,"minecraft:deaths":25,"minecraft:jump":3119,"minecraft:interact_with_brewingstand":1,"minecraft:enchant_item":10,"minecraft:walk_on_water_one_cm":35918,"minecraft:interact_with_furnace":4,"minecraft:traded_with_villager":3,"minecraft:sleep_in_bed":3,"minecraft:waystone_activated":3,"minecraft:damage_dealt":17431,"minecraft:crouch_one_cm":19031,"tombstone:undead_killed":39,"minecraft:mob_kills":97,"minecraft:interact_with_anvil":2,"minecraft:damage_dealt_resisted":0,"minecraft:climb_one_cm":20529,"minecraft:walk_one_cm":1055999,"minecraft:sneak_time":8400,"minecraft:walk_under_water_one_cm":9114,"minecraft:total_world_time":326638,"minecraft:interact_with_grindstone":13,"minecraft:time_since_rest":41277,"minecraft:damage_absorbed":49,"minecraft:damage_taken":11274,"tombstone:cast_on_ally":0,"minecraft:swim_one_cm":16914,"minecraft:fly_one_cm":910896,"minecraft:open_chest":215,"minecraft:fall_one_cm":134727}},"DataVersion":3465}