{"stats":{"minecraft:crafted":{"minecraft:chainmail_helmet":2,"quark:birch_chest":14,"regions_unexplored:maple_planks":8,"farmersdelight:ratatouille":4,"apotheosis:glowing_hellshelf":4,"farmersdelight:egg_sandwich":1,"tombstone:white_marble":6,"apotheosis:hellshelf":9,"minecraft:wooden_hoe":2,"quark:oak_chest":1,"minecraft:iron_pickaxe":1,"minecraft:iron_block":3,"minecraft:composter":4,"minecraft:spruce_fence_gate":7,"magistuarmory:antlers_decoration":1,"minecraft:diamond_hoe":1,"tombstone:strange_tablet":3,"minecraft:bone_meal":4,"minecraft:spruce_boat":1,"minecraft:redstone_block":1,"crittersandcompanions:grappling_hook":1,"minecraft:enchanting_table":1,"sophisticatedbackpacks:gold_backpack":2,"minecraft:glowstone":16,"ancient_elements:palladium_drill":1,"ancient_elements:iron_hammer":2,"minecraft:oak_planks":8,"supplementaries:jar_boat":1,"minecraft:hopper":1,"minecraft:chest":14,"minecraft:oak_slab":8,"sophisticatedbackpacks:backpack":1,"minecraft:crafting_table":1,"minecraft:spruce_planks":21,"minecraft:birch_planks":35,"minecraft:diamond_pickaxe":1,"sophisticatedbackpacks:diamond_backpack":2,"minecraft:stick":10,"minecraft:iron_ingot":1,"disenchanting:disenchanter":1,"minecraft:shears":1,"minecraft:leather":2,"minecraft:iron_axe":1,"sophisticatedbackpacks:iron_backpack":2,"minecraft:bowl":2,"magistuarmory:unicorn_decoration":1,"minecraft:air":416,"ancient_elements:palladium_ingot":5,"minecraft:anvil":1,"magistuarmory:medieval_bag":2},"minecraft:dropped":{"minecraft:rooted_dirt":1,"minecraft:leather_helmet":1,"minecraft:dirt":26,"magistuarmory:rusted_bastardsword":1,"minecraft:iron_pickaxe":1,"minecraft:bone":8,"minecraft:iron_nugget":2,"alexsmobs:animal_dictionary":1,"minecraft:cobbled_deepslate":62,"minecraft:rotten_flesh":9,"magistuarmory:bronze_zweihander":1,"evilcraft:flesh_humanoid":2,"supplementaries:flax_seeds":1,"minecraft:tipped_arrow":2,"minecraft:deepslate_tiles":2,"create:scoria":28,"artifacts:panic_necklace":1,"regions_unexplored:orange_coneflower":1,"minecraft:egg":4,"minecraft:enchanted_book":1,"minecraft:wheat_seeds":30,"minecraft:knowledge_book":29,"minecraft:cobblestone":1024,"minecraft:chainmail_helmet":3,"minecraft:coal":86,"minecraft:iron_trapdoor":1,"regions_unexplored:glistering_sprout":8,"regions_unexplored:silver_birch_leaf_pile":16,"artifacts:bunny_hoppers":2,"minecraft:spruce_sapling":6,"minecraft:moss_carpet":1,"minecraft:bowl":2,"create_new_age:magnetite_block":1,"minecraft:bundle":1,"minecraft:diamond_pickaxe":1,"regions_unexplored:silt_dirt":1,"minecraft:candle":1,"minecraft:moss_block":6,"minecraft:netherite_upgrade_smithing_template":2,"minecraft:lantern":1,"minecraft:mossy_cobblestone_wall":1,"minecraft:flint":1,"regions_unexplored:brimsprout":3,"theoneprobe:probenote":1,"minecraft:polished_blackstone_bricks":3,"minecraft:blackstone":7,"artifacts:villager_hat":1,"ancient_elements:palladium_drill":1,"quark:shale":10,"minecraft:carrot":1,"sophisticatedbackpacks:diamond_backpack":2,"patchouli:guide_book":4,"supplementaries:ash":2,"minecraft:gunpowder":1,"born_in_chaos_v1:corpse_maggot":1,"minecraft:chest":1,"minecraft:iron_ore":1,"minecraft:arrow":7,"minecraft:netherrack":281,"minecraft:bread":9,"minecraft:oak_slab":1,"alexsmobs:unsettling_kimono":1,"minecraft:stick":13,"ars_nouveau:worn_notebook":1,"minecraft:torch":1,"minecraft:anvil":1,"artifacts:kitty_slippers":2,"minecraft:raw_copper":2,"minecraft:tuff":25,"farmersdelight:cabbage_seeds":8,"minecraft:deepslate_bricks":1,"create:veridium":51,"minecraft:iron_chestplate":1},"minecraft:mined":{"minecraft:white_bed":2,"minecraft:obsidian":4,"apotheosis:hellshelf":8,"minecraft:granite":6,"minecraft:deepslate_bricks":1,"minecraft:hopper":3,"minecraft:spawner":50,"minecraft:polished_blackstone_bricks":13,"minecraft:magma_block":1,"regions_unexplored:stone_bud":75,"minecraft:mossy_cobblestone_stairs":5,"minecraft:cobbled_deepslate":11,"minecraft:fire":5,"minecraft:barrel":4,"minecraft:moss_carpet":1,"ancient_elements:tin_ore":7,"minecraft:nether_brick_stairs":1,"minecraft:enchanting_table":2,"minecraft:sculk_shrieker":13,"regions_unexplored:maple_leaf_pile":2,"minecraft:dirt_path":1,"supplementaries:jar":1,"create:veridium":6,"regions_unexplored:silt_grass_block":163,"minecraft:soul_fire":3,"minecraft:powder_snow":11,"minecraft:torch":1,"create:scoria":7,"quark:blossom_log":29,"bosses_of_mass_destruction:vine_wall":1,"sophisticatedbackpacks:diamond_backpack":1,"minecraft:wheat":41,"minecraft:stone_brick_stairs":7,"minecraft:grass":27,"minecraft:smooth_basalt":2,"minecraft:deepslate":495,"create:zinc_ore":10,"iceandfire:silver_ore":1,"minecraft:mossy_cobblestone":6,"quark:shale":3,"minecraft:spruce_fence":18,"born_in_chaos_v1:black_argillite":1,"create_new_age:thorium_ore":9,"minecraft:redstone_wire":6,"quark:potted_chorus":1,"regions_unexplored:maple_leaves":27,"minecraft:moss_block":7,"bosses_of_mass_destruction:void_blossom":3,"minecraft:snow":7,"minecraft:andesite":30,"minecraft:mossy_stone_brick_stairs":6,"minecraft:potatoes":29,"minecraft:vine":3,"regions_unexplored:ash_vent":1,"minecraft:bone_block":33,"regions_unexplored:orange_coneflower":4,"ancient_elements:steel_ore":1,"minecraft:oak_slab":1,"regions_unexplored:silt_dirt":78,"minecraft:copper_ore":15,"minecraft:diorite":87,"farmersdelight:skillet":2,"minecraft:coarse_dirt":25,"minecraft:purple_stained_glass":13,"minecraft:spruce_log":21,"regions_unexplored:silver_birch_log":172,"minecraft:gravel":27,"minecraft:cobweb":2,"regions_unexplored:glistering_wart":6,"minecraft:stone_bricks":21,"minecraft:iron_trapdoor":1,"regions_unexplored:tassel":1,"miners_delight:wild_cave_carrots":1,"create:deepslate_zinc_ore":2,"supplementaries:jar_boat":1,"minecraft:farmland":4,"regions_unexplored:maple_log":49,"minecraft:sculk_vein":5,"regions_unexplored:red_maple_shrub":1,"minecraft:grass_block":91,"minecraft:cracked_polished_blackstone_bricks":4,"minecraft:purple_stained_glass_pane":1,"minecraft:composter":2,"minecraft:gilded_blackstone":1,"minecraft:glowstone":36,"minecraft:iron_ore":20,"regions_unexplored:glister_spire":1,"regions_unexplored:mossy_stone":28,"minecraft:anvil":1,"regions_unexplored:silver_birch_leaves":2,"supplementaries:stick":1,"minecraft:iron_bars":23,"regions_unexplored:white_snowbelle":1,"regions_unexplored:dorcel":1,"minecraft:granite_stairs":4,"minecraft:polished_granite_stairs":1,"minecraft:deepslate_redstone_ore":2,"lootr:lootr_chest":4,"minecraft:quartz_block":9,"minecraft:blackstone":14,"minecraft:mossy_cobblestone_wall":1,"minecraft:chest":2,"minecraft:nether_quartz_ore":124,"minecraft:cobblestone":13,"minecraft:wall_torch":1,"minecraft:deepslate_copper_ore":2,"evilcraft:dark_ore_deepslate":7,"minecraft:cracked_deepslate_tiles":4,"minecraft:oak_log":10,"minecraft:beetroots":5,"minecraft:dirt":46,"minecraft:netherrack":669,"create:crimsite":5,"minecraft:oak_leaves":3,"minecraft:nether_gold_ore":4,"alexscaves:spelunkery_table":1,"minecraft:tuff":124,"ancient_elements:lead_ore":1,"minecraft:candle":10,"minecraft:deepslate_diamond_ore":16,"minecraft:red_stained_glass":3,"minecraft:brick_stairs":7,"create:ochrum":7,"regions_unexplored:silver_birch_sapling":3,"regions_unexplored:overgrown_bone_block":13,"minecraft:spruce_leaves":1,"minecraft:rooted_dirt":6,"minecraft:carrots":4,"evilcraft:dark_ore":14,"regions_unexplored:frozen_grass":2,"minecraft:gold_block":1,"minecraft:bookshelf":1,"minecraft:deepslate_iron_ore":3,"ancient_elements:palladium_ore":7,"crittersandcompanions:silk_cocoon":2,"regions_unexplored:medium_grass":33,"regions_unexplored:orange_maple_leaf_pile":4,"minecraft:stone":689,"regions_unexplored:brimsprout_nylium":3,"regions_unexplored:silver_birch_leaf_pile":22,"minecraft:snow_block":13,"minecraft:basalt":7,"regions_unexplored:mycotoxic_moss":2,"quark:spruce_bookshelf":14,"minecraft:crafting_table":2,"minecraft:sculk_sensor":8,"supplementaries:sack":2,"minecraft:lapis_ore":1,"minecraft:polished_blackstone_brick_stairs":2,"minecraft:sculk":46,"supplementaries:urn":5,"evilcraft:infested_nether_netherrack":3,"regions_unexplored:red_maple_leaf_pile":1,"minecraft:coal_ore":40,"minecraft:lodestone":1,"minecraft:cracked_stone_bricks":24,"evilcraft:bloody_cobblestone":19,"regions_unexplored:glistering_ivy_plant":1,"minecraft:mossy_stone_bricks":9},"minecraft:killed":{"born_in_chaos_v1:zombie_lumberjack":1,"born_in_chaos_v1:baby_skeleton_minion":1,"minecraft:skeleton":20,"iceandfire:cockatrice":1,"minecraft:zombie":10,"born_in_chaos_v1:corpse_fly":2,"enemyexpansion:botfly":5,"minecraft:glow_squid":2,"enemyexpansion:goblin_fear":2,"born_in_chaos_v1:firelight":3,"minecraft:warden":1,"born_in_chaos_v1:decrepit_skeleton":7,"born_in_chaos_v1:dark_vortex":1,"iceandfire:ice_dragon":1,"evilcraft:netherfish":1,"minecraft:spider":20,"minecraft:silverfish":2,"minecraft:piglin_brute":2,"artifacts:mimic":2,"twilightforest:minotaur":1,"minecraft:piglin":3,"born_in_chaos_v1:bonescaller":1,"minecraft:zombie_villager":1,"irons_spellbooks:necromancer":1,"born_in_chaos_v1:zombie_fisherman":1,"born_in_chaos_v1:dread_hound":6,"minecraft:stray":5,"enemyexpansion:wasp":3,"born_in_chaos_v1:missioner":1,"enemyexpansion:direwolf":14,"born_in_chaos_v1:maggot":3,"minecraft:panda":1,"enemyexpansion:goblin":1,"born_in_chaos_v1:baby_skeleton":2,"minecraft:bat":1,"bosses_of_mass_destruction:void_blossom":1,"minecraft:hoglin":2,"enemyexpansion:huntsman":2,"tombstone:spectral_wolf":1,"born_in_chaos_v1:nightmare_stalker":1,"enemyexpansion:slugger":3},"minecraft:picked_up":{"minecraft:iron_chestplate":1,"minecraft:anvil":2,"minecraft:creeper_head":1,"minecraft:flower_pot":1,"minecraft:lead":2,"artifacts:bunny_hoppers":2,"regions_unexplored:silt_dirt":277,"regions_unexplored:glistering_sprout":8,"minecraft:knowledge_book":5,"twilightforest:alpha_yeti_trophy":1,"minecraft:string":18,"create:limestone":7,"minecraft:red_nether_bricks":1,"minecraft:beetroot":8,"minecraft:gold_nugget":29,"minecraft:cobbled_deepslate":1106,"minecraft:netherite_upgrade_smithing_template":1,"minecraft:coal_block":1,"minecraft:diamond_ore":4,"minecraft:golden_helmet":1,"born_in_chaos_v1:shattered_skull":1,"minecraft:composter":2,"quark:blossom_log":29,"minecraft:cherry_log":1,"magistuarmory:rustedcrusader_chestplate":1,"vinery:flower_box":2,"simplyswords:soulstealer":2,"artifacts:villager_hat":1,"create:scoria":92,"farmersdelight:onion":258,"create:ochrum":41,"supplementaries:quiver":1,"minecraft:white_terracotta":7,"supplementaries:ash":2,"minecraft:iron_bars":25,"minecraft:snowball":32,"born_in_chaos_v1:staffof_magic_arrows":1,"ancient_elements:raw_lead":18,"minecraft:flint":10,"irons_spellbooks:concentration_amulet":1,"farmersdelight:tomato":194,"minecraft:lantern":3,"supplementaries:doormat":1,"minecraft:glowstone_dust":123,"minecraft:moss_block":2,"miners_delight:gossypium":1,"bosses_of_mass_destruction:crystal_fruit":3,"sophisticatedbackpacks:iron_backpack":1,"minecraft:dark_oak_log":2,"minecraft:barrel":4,"minecraft:bundle":2,"create:crimsite":22,"minecraft:lever":1,"minecraft:granite":42,"minecraft:bread":17,"minecraft:chainmail_helmet":4,"minecraft:rooted_dirt":7,"croptopia:greenonion":58,"iceandfire:raw_silver":1,"minecraft:diamond_pickaxe":1,"croptopia:toast":15,"minecraft:coarse_dirt":24,"minecraft:crafting_table":2,"simplyswords:iron_glaive":1,"minecraft:leather_leggings":1,"minecraft:cracked_stone_bricks":22,"regions_unexplored:maple_leaf_pile":60,"born_in_chaos_v1:gnawed_bones":4,"regions_unexplored:white_snowbelle":1,"minecraft:iron_nugget":17,"minecraft:chest":7,"minecraft:copper_ore":2,"minecraft:egg":3,"regions_unexplored:glistering_wart":2,"ancient_elements:raw_steel":8,"relics:rage_glove":1,"minecraft:spruce_fence":24,"farmersdelight:tomato_seeds":123,"minecraft:carrot":228,"born_in_chaos_v1:pieceofdarkmetal":11,"minecraft:redstone":51,"iceandfire:dragon_skull_ice":13,"minecraft:polished_granite_stairs":1,"born_in_chaos_v1:charmof_fury":1,"minecraft:beetroot_seeds":19,"minecraft:deepslate_bricks":1,"minecraft:bone_block":45,"minecraft:emerald_ore":7,"minecraft:lapis_ore":3,"apotheosis:hellshelf":8,"born_in_chaos_v1:monster_flesh":2,"croptopia:glowing_calamari":6,"minecraft:torchflower":2,"minecraft:oak_log":17,"farmersdelight:skillet":2,"minecraft:apple":2,"minecraft:stone_bricks":18,"minecraft:iron_ore":7,"quark:stick_block":9,"regions_unexplored:silver_birch_sapling":44,"minecraft:smooth_basalt":18,"born_in_chaos_v1:ethereal_spirit":4,"minecraft:gravel":21,"minecraft:spruce_sapling":13,"magistuarmory:rustednorman_helmet":1,"minecraft:spruce_log":21,"quark:white_shingles":2,"minecraft:leather_helmet":2,"minecraft:coal_ore":3,"minecraft:stone_axe":1,"minecraft:redstone_ore":11,"iceandfire:ice_dragon_flesh":2,"minecraft:lodestone":1,"twilightforest:fiery_leggings":1,"magistuarmory:gold_shortsword":1,"minecraft:hopper":3,"minecraft:ender_pearl":2,"irons_spellbooks:scroll":1,"minecraft:wheat":128,"minecraft:iron_trapdoor":1,"regions_unexplored:brimsprout":3,"minecraft:stone_brick_stairs":3,"ancient_elements:raw_palladium":10,"supplementaries:jar":1,"born_in_chaos_v1:black_argillite":6,"minecraft:raw_copper":254,"minecraft:iron_leggings":2,"minecraft:experience_bottle":1,"irons_spellbooks:arcane_essence":3,"minecraft:deepslate_tiles":2,"farmersdelight:cabbage":68,"artifacts:aqua_dashers":1,"nethersdelight:hoglin_sirloin":6,"minecraft:iron_pickaxe":2,"farmersdelight:cabbage_seeds":201,"minecraft:tipped_arrow":5,"minecraft:stick":101,"apotheosis:gem":8,"twilightforest:fiery_chestplate":1,"farmersdelight:rotten_tomato":6,"minecraft:torch":15,"iceandfire:dragonscales_white":32,"tombstone:grave_dust":10,"minecraft:diorite":699,"born_in_chaos_v1:nightmare_claw":1,"minecraft:quartz_block":6,"farmersdelight:fried_egg":3,"minecraft:rotten_flesh":36,"create:veridium":51,"artifacts:panic_necklace":3,"minecraft:obsidian":7,"minecraft:cobblestone":3336,"minecraft:enchanting_table":2,"minecraft:andesite":145,"minecraft:golden_leggings":1,"minecraft:potato":29,"twilightforest:arctic_chestplate":1,"minecraft:tuff":274,"create:raw_zinc":78,"evilcraft:flesh_humanoid":1,"supplementaries:flax_seeds":1,"minecraft:lapis_lazuli":47,"minecraft:dirt":219,"born_in_chaos_v1:monster_skin":4,"minecraft:glass":16,"minecraft:bone":51,"evilcraft:bloody_cobblestone":95,"minecraft:bow":1,"minecraft:wheat_seeds":559,"create_new_age:magnetite_block":4,"minecraft:mossy_stone_bricks":2,"minecraft:bamboo":1,"minecraft:mossy_stone_brick_stairs":3,"regions_unexplored:orange_coneflower":15,"irons_spellbooks:frozen_bone":13,"artifacts:rooted_boots":1,"quark:shale":10,"evilcraft:dark_gem_crushed":43,"minecraft:lily_of_the_valley":1,"farmersdelight:cooked_mutton_chops":4,"minecraft:mossy_cobblestone":128,"minecraft:spruce_fence_gate":2,"born_in_chaos_v1:fire_dust":5,"magistuarmory:greathelm":1,"minecraft:diamond":47,"quark:red_shard":12,"waystones:waystone":3,"magistuarmory:corruptedroundshield":1,"iceandfire:dragon_ice":1,"minecraft:cracked_polished_blackstone_bricks":2,"minecraft:crossbow":1,"minecraft:bone_meal":5,"minecraft:chorus_fruit":1,"minecraft:oak_sapling":9,"minecraft:netherrack":776,"iceandfire:silver_nugget":60,"minecraft:oak_leaves":13,"minecraft:fishing_rod":1,"minecraft:charcoal":40,"minecraft:allium":1,"create_new_age:thorium":148,"minecraft:gold_block":1,"minecraft:chain":12,"regions_unexplored:red_maple_leaf_pile":30,"regions_unexplored:maple_leaves":16,"minecraft:moss_carpet":4,"miners_delight:cave_carrot":86,"minecraft:blackstone":7,"minecraft:candle":26,"minecraft:mossy_cobblestone_wall":1,"farmersdelight:straw":26,"create:zinc_ore":5,"iceandfire:ice_dragon_heart":1,"minecraft:raw_iron":73,"iceandfire:dragonbone":29,"regions_unexplored:silver_birch_leaf_pile":211,"minecraft:bowl":2,"regions_unexplored:volcanic_ash":2,"minecraft:polished_blackstone_bricks":6,"magistuarmory:rustedkettlehat":2,"ancient_elements:raw_tin":31,"born_in_chaos_v1:charmof_endurance":1,"quark:oak_leaf_carpet":1,"twilightforest:raw_meef":1,"minecraft:arrow":36,"regions_unexplored:maple_sapling":8,"create:experience_nugget":13,"minecraft:nether_bricks":10,"crittersandcompanions:silk":7,"alexscaves:spelunkery_table":1,"minecraft:saddle":1,"minecraft:brick_stairs":7,"relics:reflection_necklace":3,"born_in_chaos_v1:fused_bone":2,"minecraft:cracked_deepslate_tiles":3,"born_in_chaos_v1:corpse_maggot":2,"regions_unexplored:dorcel":1,"minecraft:basalt":12,"minecraft:glow_ink_sac":8,"minecraft:leather":2,"croptopia:greenonion_seed":192,"supplementaries:jar_boat":1,"minecraft:granite_stairs":4,"minecraft:gunpowder":6,"minecraft:cobblestone_wall":2,"tombstone:voodoo_poppet":1,"regions_unexplored:tassel":2,"apotheosis:warden_tendril":5,"alexsmobs:unsettling_kimono":1,"magistuarmory:bronze_zweihander":2,"artifacts:kitty_slippers":2,"quark:blue_blossom_sapling":3,"regions_unexplored:orange_maple_leaf_pile":57,"sophisticatedbackpacks:diamond_backpack":3,"minecraft:book":45,"minecraft:sculk_catalyst":5,"minecraft:oak_slab":1,"supplementaries:sack":2,"minecraft:quartz":312,"minecraft:dripstone_block":18,"born_in_chaos_v1:dark_rod":1,"magistuarmory:silver_bastardsword":1,"minecraft:white_bed":2,"minecraft:gold_ore":10,"minecraft:spider_eye":5,"minecraft:spruce_door":1,"magistuarmory:rusted_bastardsword":3,"evilcraft:dark_gem":148,"regions_unexplored:silver_birch_log":137,"magistuarmory:rustedcrusader_boots":1,"minecraft:iron_helmet":2,"regions_unexplored:maple_log":40,"minecraft:mossy_cobblestone_stairs":2,"tombstone:magic_scroll":1,"minecraft:coal":226},"minecraft:used":{"minecraft:beetroot":3,"minecraft:chiseled_deepslate":10,"minecraft:spruce_slab":2,"iceandfire:dragon_skull_ice":12,"farmersdelight:cabbage_seeds":72,"minecraft:chest":29,"minecraft:stone":171,"minecraft:farmland":21,"minecraft:cracked_deepslate_tiles":1,"regions_unexplored:silver_birch_sapling":21,"minecraft:snowball":16,"minecraft:grass_block":33,"farmersdelight:rotten_tomato":6,"regions_unexplored:silver_birch_leaf_pile":2,"create:shaft":1,"minecraft:furnace":2,"magistuarmory:rusted_bastardsword":46,"minecraft:egg":20,"regions_unexplored:maple_leaves":16,"regions_unexplored:silver_birch_log":7,"minecraft:spruce_door":1,"minecraft:chorus_fruit":1,"minecraft:composter":6,"tombstone:tablet_of_guard":1,"minecraft:golden_apple":3,"minecraft:enchanting_table":3,"minecraft:iron_bars":6,"quark:spruce_bookshelf":59,"minecraft:netherrack":137,"minecraft:stick":1,"minecraft:torch":113,"regions_unexplored:mossy_stone":2,"minecraft:brewing_stand":1,"minecraft:anvil":3,"simplyswords:soulrender":61,"quark:white_shingles":2,"supplementaries:doormat":5,"minecraft:iron_axe":67,"minecraft:rooted_dirt":4,"alexscaves:primordial_helmet":3,"minecraft:barrel":2,"minecraft:basalt":2,"farmersdelight:cooking_pot":1,"tombstone:gift":12,"crittersandcompanions:jumping_spider_spawn_egg":1,"alexsmobs:unsettling_kimono":1,"farmersdelight:tomato_seeds":71,"minecraft:cobbled_deepslate":128,"minecraft:wheat_seeds":208,"farmersdelight:iron_knife":46,"minecraft:water_bucket":21,"tombstone:scroll_of_reach":1,"minecraft:spruce_fence_gate":160,"minecraft:gold_ore":1,"minecraft:crafting_table":5,"disenchanting:disenchanter":1,"minecraft:campfire":1,"minecraft:white_bed":2,"minecraft:oak_log":13,"magistuarmory:bronze_zweihander":3,"minecraft:diamond_pickaxe":1934,"minecraft:diamond_shovel":384,"apotheosis:hellshelf":16,"minecraft:iron_pickaxe":183,"tombstone:magic_scroll":3,"minecraft:leather_helmet":3,"minecraft:spruce_trapdoor":12,"supplementaries:rope":3,"quark:light_gray_framed_glass_pane":3,"minecraft:cobblestone":108,"farmersdelight:egg_sandwich":1,"minecraft:cooked_porkchop":5,"minecraft:diamond_leggings":1,"minecraft:candle":121,"tombstone:scroll_of_unstable_intangibility":6,"regions_unexplored:silt_dirt":83,"minecraft:iron_shovel":103,"minecraft:diamond_hoe":646,"farmersdelight:stove":2,"minecraft:white_terracotta":12,"minecraft:iron_sword":150,"twilightforest:fiery_leggings":1,"minecraft:iron_chestplate":1,"tombstone:scroll_of_preservation":1,"minecraft:carrot":64,"minecraft:obsidian":17,"sophisticatedbackpacks:diamond_backpack":1,"minecraft:lantern":13,"born_in_chaos_v1:gnawed_bones":1,"magistuarmory:silver_bastardsword":179,"minecraft:repeater":4,"minecraft:redstone_lamp":5,"farmersdelight:cutting_board":1,"minecraft:beetroot_seeds":10,"minecraft:skeleton_skull":11,"minecraft:stripped_spruce_wood":17,"relics:researching_table":1,"minecraft:chainmail_helmet":3,"minecraft:shears":24,"waystones:waystone":4,"farmersdelight:ratatouille":4,"minecraft:lever":4,"minecraft:bread":21,"minecraft:melon_slice":4,"croptopia:greenonion_seed":63,"vinery:flower_box":7,"iceandfire:ice_dragon_flesh":2,"tombstone:grave_key":106,"nethersdelight:hoglin_sirloin":1,"croptopia:toast":8,"minecraft:grindstone":2,"minecraft:chain":12,"minecraft:mossy_cobblestone_wall":65,"twilightforest:raw_meef":1,"minecraft:bone_meal":1,"minecraft:coarse_dirt":11,"minecraft:experience_bottle":37,"supplementaries:jar_boat":2,"minecraft:granite_stairs":4,"minecraft:flint_and_steel":26,"minecraft:redstone_ore":1,"minecraft:redstone":50,"regions_unexplored:silt_grass_block":219,"minecraft:spruce_planks":24,"minecraft:sculk":4,"regions_unexplored:white_snowbelle":1,"minecraft:cooked_chicken":1,"minecraft:dirt":76,"apotheosis:glowing_hellshelf":4,"minecraft:hopper":4,"minecraft:spruce_stairs":9,"minecraft:spruce_fence":177,"alexscaves:limestone_spear":1,"twilightforest:fiery_chestplate":1,"farmersdelight:cooked_mutton_chops":4,"simplyswords:soulstealer":62,"minecraft:cooked_beef":8,"tombstone:scroll_of_knowledge":1,"farmersdelight:skillet":3,"minecraft:baked_potato":6,"quark:abacus":12,"crittersandcompanions:silk_cocoon":1,"ancient_elements:iron_hammer":806,"farmersdelight:onion":85,"simplyswords:iron_greataxe":33,"minecraft:wooden_hoe":83,"minecraft:flower_pot":1,"minecraft:apple":38,"minecraft:stone_axe":8,"miners_delight:cave_carrot":38,"quark:spruce_ladder":1,"regions_unexplored:maple_log":15,"simplyswords:runic_scythe":210},"minecraft:broken":{"magistuarmory:rustedcrusader_boots":1,"minecraft:iron_boots":2,"minecraft:iron_leggings":1,"magistuarmory:rustedkettlehat":1,"ancient_elements:iron_hammer":3,"minecraft:diamond_leggings":1,"minecraft:chainmail_helmet":1,"minecraft:iron_helmet":2,"minecraft:wooden_hoe":1,"magistuarmory:rustedchainmail_helmet":1,"alexscaves:primordial_helmet":1},"minecraft:custom":{"minecraft:interact_with_crafting_table":38,"minecraft:open_barrel":9,"minecraft:bell_ring":1,"minecraft:leave_game":6,"minecraft:time_since_death":489,"minecraft:play_time":611817,"minecraft:deaths":103,"minecraft:jump":5648,"minecraft:enchant_item":28,"minecraft:interact_with_furnace":4,"minecraft:traded_with_villager":3,"minecraft:sleep_in_bed":3,"minecraft:waystone_activated":4,"minecraft:damage_dealt":51806,"tombstone:undead_killed":56,"minecraft:interact_with_anvil":6,"minecraft:inspect_hopper":4,"minecraft:sneak_time":35477,"minecraft:total_world_time":611817,"minecraft:time_since_rest":242,"tombstone:cast_on_ally":0,"minecraft:swim_one_cm":17234,"minecraft:fly_one_cm":1735999,"minecraft:open_chest":333,"minecraft:fall_one_cm":314392,"lootr:looted_stat":218,"minecraft:damage_resisted":0,"minecraft:sprint_one_cm":1358588,"minecraft:drop":174,"minecraft:talked_to_villager":6,"minecraft:interact_with_brewingstand":24,"minecraft:walk_on_water_one_cm":36167,"minecraft:player_kills":2,"minecraft:crouch_one_cm":107811,"minecraft:mob_kills":149,"minecraft:damage_dealt_resisted":902,"minecraft:climb_one_cm":26462,"minecraft:walk_one_cm":1688885,"minecraft:walk_under_water_one_cm":9293,"minecraft:interact_with_grindstone":27,"minecraft:damage_absorbed":1057,"minecraft:damage_taken":39881},"minecraft:killed_by":{"born_in_chaos_v1:nightmare_stalker":2,"minecraft:piglin_brute":3,"enemyexpansion:slugger":1,"twilightforest:minotaur":1,"minecraft:zombie":2,"enemyexpansion:invisicreeper":3,"born_in_chaos_v1:firelight":1,"minecraft:panda":3,"minecraft:warden":25,"enemyexpansion:direwolf":1,"born_in_chaos_v1:dread_hound":3,"minecraft:creeper":1,"minecraft:piglin":1,"iceandfire:ice_dragon":6,"artifacts:mimic":1,"minecraft:player":23,"bosses_of_mass_destruction:void_blossom":6,"born_in_chaos_v1:fallen_chaos_knight":2,"born_in_chaos_v1:decaying_zombie":1,"minecraft:skeleton":4,"born_in_chaos_v1:missioner":7}},"DataVersion":3465}