{"stats":{"minecraft:mined":{"minecraft:hay_block":13,"minecraft:furnace":1,"minecraft:iron_ore":3,"minecraft:spruce_log":29,"minecraft:crafting_table":3,"minecraft:coal_ore":16,"crittersandcompanions:silk_cocoon":1,"regions_unexplored:medium_grass":1,"minecraft:stone":21},"minecraft:used":{"minecraft:wooden_axe":9,"ancient_elements:wooden_hammer":24,"ancient_elements:iron_hammer":17,"evilcraft:flesh_humanoid":1,"minecraft:cobblestone":38,"minecraft:crafting_table":3,"minecraft:furnace":1,"minecraft:oak_sapling":1,"tombstone:gift":1},"minecraft:crafted":{"ancient_elements:wooden_hammer":1,"minecraft:crafting_table":1,"minecraft:spruce_planks":13,"minecraft:iron_ingot":5,"minecraft:wooden_axe":1,"ancient_elements:iron_hammer":1,"minecraft:furnace":1,"minecraft:air":53},"minecraft:picked_up":{"minecraft:crafting_table":3,"minecraft:stick":12,"minecraft:raw_iron":15,"create_new_age:thorium":70,"minecraft:spruce_sapling":12,"minecraft:spruce_log":29,"minecraft:slime_ball":2,"crittersandcompanions:silk":5,"minecraft:hay_block":13,"minecraft:iron_ingot":2,"minecraft:iron_nugget":3,"minecraft:oak_sapling":1,"minecraft:coal":79,"minecraft:cobblestone":217,"minecraft:furnace":1},"minecraft:dropped":{"tombstone:grave_key":1,"theoneprobe:probenote":1,"minecraft:knowledge_book":9},"minecraft:killed":{"born_in_chaos_v1:corpse_fish":2},"minecraft:killed_by":{"minecraft:skeleton":1,"minecraft:zombie":2,"alexscaves:watcher":1},"minecraft:custom":{"minecraft:time_since_rest":2498,"lootr:looted_stat":9,"minecraft:interact_with_furnace":4,"minecraft:sprint_one_cm":118042,"minecraft:walk_one_cm":48078,"minecraft:damage_taken":1405,"minecraft:damage_absorbed":360,"minecraft:mob_kills":2,"minecraft:drop":11,"minecraft:damage_dealt":320,"minecraft:swim_one_cm":22551,"minecraft:interact_with_crafting_table":4,"minecraft:fly_one_cm":113446,"minecraft:crouch_one_cm":1241,"minecraft:play_time":25843,"minecraft:deaths":5,"minecraft:sneak_time":249,"minecraft:walk_under_water_one_cm":899,"minecraft:jump":524,"minecraft:leave_game":3,"minecraft:walk_on_water_one_cm":2459,"minecraft:time_since_death":4450,"minecraft:climb_one_cm":308,"minecraft:total_world_time":25843,"minecraft:damage_resisted":75,"minecraft:fall_one_cm":11241}},"DataVersion":3465}