{"stats":{"minecraft:used":{"regions_unexplored:silt_dirt":62,"supplementaries:jar_boat":2,"minecraft:iron_bars":6,"minecraft:granite_stairs":4,"minecraft:iron_shovel":103,"minecraft:spruce_slab":2,"iceandfire:dragon_skull_ice":5,"minecraft:chest":14,"minecraft:spruce_planks":20,"farmersdelight:stove":2,"minecraft:white_terracotta":9,"minecraft:iron_sword":150,"regions_unexplored:white_snowbelle":1,"minecraft:cooked_chicken":1,"quark:spruce_bookshelf":1,"minecraft:iron_chestplate":1,"minecraft:stick":1,"minecraft:torch":113,"minecraft:anvil":1,"minecraft:dirt":75,"minecraft:spruce_stairs":9,"quark:white_shingles":1,"minecraft:spruce_fence":23,"minecraft:snowball":16,"supplementaries:doormat":5,"minecraft:rooted_dirt":4,"minecraft:iron_axe":58,"minecraft:grass_block":3,"regions_unexplored:silver_birch_leaf_pile":2,"born_in_chaos_v1:gnawed_bones":1,"magistuarmory:silver_bastardsword":27,"farmersdelight:cutting_board":1,"create:shaft":1,"minecraft:furnace":2,"magistuarmory:rusted_bastardsword":46,"alexsmobs:unsettling_kimono":1,"minecraft:beetroot_seeds":5,"farmersdelight:cooking_pot":1,"minecraft:cooked_beef":5,"farmersdelight:cooked_mutton_chops":4,"tombstone:gift":6,"crittersandcompanions:jumping_spider_spawn_egg":1,"regions_unexplored:maple_leaves":16,"minecraft:stripped_spruce_wood":17,"minecraft:wheat_seeds":73,"farmersdelight:iron_knife":46,"tombstone:scroll_of_knowledge":1,"tombstone:scroll_of_reach":1,"minecraft:spruce_door":1,"farmersdelight:skillet":2,"minecraft:baked_potato":5,"minecraft:chorus_fruit":1,"tombstone:tablet_of_guard":1,"ancient_elements:iron_hammer":135,"minecraft:spruce_fence_gate":6,"crittersandcompanions:silk_cocoon":1,"minecraft:crafting_table":4,"simplyswords:iron_greataxe":33,"disenchanting:disenchanter":1,"minecraft:white_bed":2,"minecraft:campfire":1,"minecraft:shears":24,"minecraft:oak_log":11,"waystones:waystone":2,"minecraft:wooden_hoe":83,"minecraft:flower_pot":1,"minecraft:diamond_pickaxe":104,"minecraft:apple":36,"minecraft:diamond_shovel":264,"minecraft:iron_pickaxe":183,"vinery:flower_box":7,"tombstone:magic_scroll":3,"tombstone:grave_key":16,"supplementaries:rope":2,"quark:light_gray_framed_glass_pane":3,"minecraft:cobblestone":25,"minecraft:cooked_porkchop":3,"farmersdelight:egg_sandwich":1,"quark:spruce_ladder":1,"minecraft:coarse_dirt":3,"minecraft:experience_bottle":1,"tombstone:scroll_of_unstable_intangibility":6},"minecraft:killed":{"born_in_chaos_v1:zombie_lumberjack":1,"minecraft:spider":9,"enemyexpansion:direwolf":8,"born_in_chaos_v1:maggot":1,"minecraft:skeleton":16,"minecraft:panda":1,"minecraft:silverfish":1,"enemyexpansion:goblin":1,"born_in_chaos_v1:baby_skeleton":1,"iceandfire:cockatrice":1,"born_in_chaos_v1:decrepit_skeleton":1,"born_in_chaos_v1:dread_hound":1,"tombstone:spectral_wolf":1,"minecraft:zombie":5,"minecraft:stray":4,"enemyexpansion:huntsman":1,"enemyexpansion:botfly":5,"born_in_chaos_v1:corpse_fly":1},"minecraft:crafted":{"quark:birch_chest":14,"tombstone:strange_tablet":1,"supplementaries:jar_boat":1,"minecraft:bone_meal":3,"minecraft:iron_axe":1,"minecraft:chest":14,"minecraft:spruce_boat":1,"minecraft:crafting_table":1,"minecraft:spruce_planks":21,"minecraft:enchanting_table":1,"farmersdelight:egg_sandwich":1,"minecraft:birch_planks":35,"tombstone:white_marble":2,"minecraft:air":295,"minecraft:wooden_hoe":2,"minecraft:stick":10,"minecraft:iron_ingot":1,"minecraft:iron_pickaxe":1,"disenchanting:disenchanter":1,"minecraft:iron_block":3,"ancient_elements:iron_hammer":1,"minecraft:anvil":1,"minecraft:spruce_fence_gate":7,"minecraft:shears":1},"minecraft:killed_by":{"minecraft:player":3,"minecraft:creeper":1,"born_in_chaos_v1:decaying_zombie":1,"minecraft:panda":3,"minecraft:skeleton":4,"minecraft:zombie":1},"minecraft:dropped":{"minecraft:enchanted_book":1,"minecraft:wheat_seeds":22,"minecraft:cobblestone":2,"minecraft:knowledge_book":9,"minecraft:rooted_dirt":1,"minecraft:stick":13,"minecraft:dirt":26,"ars_nouveau:worn_notebook":1,"minecraft:torch":1,"theoneprobe:probenote":1,"minecraft:iron_pickaxe":1,"regions_unexplored:silver_birch_leaf_pile":16,"minecraft:spruce_sapling":6,"minecraft:iron_nugget":2,"alexsmobs:animal_dictionary":1,"minecraft:bowl":2,"minecraft:rotten_flesh":2,"patchouli:guide_book":4,"minecraft:bundle":1,"regions_unexplored:orange_coneflower":1,"minecraft:arrow":1,"regions_unexplored:silt_dirt":1},"minecraft:mined":{"minecraft:white_bed":2,"minecraft:farmland":2,"supplementaries:jar_boat":1,"minecraft:mossy_cobblestone":6,"minecraft:obsidian":4,"minecraft:spruce_fence":15,"minecraft:grass_block":86,"minecraft:brick_stairs":7,"quark:potted_chorus":1,"regions_unexplored:maple_leaves":26,"minecraft:spruce_leaves":1,"minecraft:rooted_dirt":6,"minecraft:spawner":35,"regions_unexplored:stone_bud":75,"minecraft:mossy_cobblestone_stairs":5,"minecraft:carrots":4,"minecraft:iron_ore":11,"minecraft:barrel":4,"minecraft:snow":7,"regions_unexplored:mossy_stone":28,"evilcraft:dark_ore":3,"regions_unexplored:frozen_grass":2,"regions_unexplored:orange_maple_leaf_pile":2,"minecraft:nether_brick_stairs":1,"minecraft:vine":1,"minecraft:enchanting_table":1,"minecraft:mossy_stone_brick_stairs":5,"minecraft:bookshelf":1,"supplementaries:stick":1,"minecraft:potatoes":29,"minecraft:dirt_path":1,"minecraft:iron_bars":23,"regions_unexplored:white_snowbelle":1,"crittersandcompanions:silk_cocoon":2,"supplementaries:jar":1,"regions_unexplored:medium_grass":18,"minecraft:granite_stairs":4,"minecraft:polished_granite_stairs":1,"minecraft:stone":180,"regions_unexplored:silt_grass_block":112,"regions_unexplored:orange_coneflower":4,"minecraft:quartz_block":9,"lootr:lootr_chest":2,"regions_unexplored:silver_birch_leaf_pile":17,"minecraft:snow_block":13,"minecraft:powder_snow":11,"minecraft:crafting_table":2,"minecraft:torch":1,"regions_unexplored:silt_dirt":20,"minecraft:chest":2,"quark:blossom_log":29,"supplementaries:sack":2,"minecraft:cobblestone":3,"minecraft:wall_torch":1,"supplementaries:urn":1,"minecraft:coarse_dirt":25,"farmersdelight:skillet":1,"minecraft:stone_brick_stairs":7,"minecraft:wheat":40,"minecraft:spruce_log":21,"minecraft:grass":19,"minecraft:oak_log":10,"minecraft:coal_ore":23,"minecraft:beetroots":5,"regions_unexplored:silver_birch_log":61,"minecraft:gravel":15,"minecraft:dirt":39,"minecraft:cracked_stone_bricks":24,"minecraft:stone_bricks":20,"minecraft:mossy_stone_bricks":8,"regions_unexplored:tassel":1},"minecraft:broken":{"minecraft:iron_boots":1,"magistuarmory:rustedkettlehat":1,"magistuarmory:rustedchainmail_helmet":1,"minecraft:wooden_hoe":1},"minecraft:picked_up":{"minecraft:wheat":32,"minecraft:charcoal":40,"minecraft:crafting_table":2,"minecraft:coarse_dirt":24,"minecraft:allium":1,"minecraft:flower_pot":1,"regions_unexplored:silt_dirt":169,"minecraft:stone_brick_stairs":3,"supplementaries:jar":1,"regions_unexplored:maple_leaves":16,"minecraft:string":4,"minecraft:moss_carpet":3,"minecraft:red_nether_bricks":1,"minecraft:experience_bottle":1,"minecraft:beetroot":5,"minecraft:cracked_stone_bricks":22,"regions_unexplored:maple_leaf_pile":2,"farmersdelight:straw":26,"born_in_chaos_v1:gnawed_bones":1,"regions_unexplored:white_snowbelle":1,"minecraft:iron_nugget":2,"minecraft:iron_pickaxe":2,"minecraft:coal_block":1,"minecraft:chest":4,"minecraft:egg":3,"minecraft:tipped_arrow":2,"minecraft:golden_helmet":1,"apotheosis:gem":1,"minecraft:stick":36,"minecraft:raw_iron":18,"iceandfire:dragonbone":22,"regions_unexplored:silver_birch_leaf_pile":142,"minecraft:torch":9,"minecraft:bowl":2,"minecraft:spruce_fence":21,"quark:blossom_log":29,"magistuarmory:rustedkettlehat":2,"minecraft:cherry_log":1,"tombstone:grave_dust":1,"minecraft:carrot":4,"magistuarmory:rustedcrusader_chestplate":1,"quark:oak_leaf_carpet":1,"vinery:flower_box":2,"iceandfire:dragon_skull_ice":5,"minecraft:quartz_block":6,"minecraft:polished_granite_stairs":1,"farmersdelight:fried_egg":3,"minecraft:arrow":29,"minecraft:rotten_flesh":14,"minecraft:nether_bricks":10,"minecraft:beetroot_seeds":14,"crittersandcompanions:silk":7,"minecraft:white_terracotta":7,"minecraft:brick_stairs":7,"minecraft:obsidian":4,"minecraft:iron_bars":25,"minecraft:snowball":32,"minecraft:cobblestone":881,"minecraft:enchanting_table":1,"minecraft:flint":4,"minecraft:potato":29,"minecraft:torchflower":2,"supplementaries:jar_boat":1,"minecraft:granite_stairs":4,"minecraft:oak_log":17,"minecraft:gunpowder":3,"farmersdelight:skillet":1,"regions_unexplored:tassel":1,"minecraft:dirt":171,"supplementaries:doormat":1,"born_in_chaos_v1:monster_skin":1,"minecraft:glass":16,"minecraft:bone":21,"minecraft:stone_bricks":17,"minecraft:bow":1,"minecraft:wheat_seeds":134,"minecraft:mossy_stone_bricks":1,"minecraft:bamboo":1,"regions_unexplored:orange_maple_leaf_pile":5,"minecraft:mossy_stone_brick_stairs":2,"regions_unexplored:orange_coneflower":10,"quark:blue_blossom_sapling":3,"regions_unexplored:silver_birch_sapling":7,"minecraft:book":3,"irons_spellbooks:frozen_bone":12,"supplementaries:sack":2,"minecraft:gravel":11,"evilcraft:dark_gem_crushed":3,"minecraft:dark_oak_log":2,"magistuarmory:silver_bastardsword":1,"magistuarmory:rustednorman_helmet":1,"minecraft:spruce_sapling":13,"farmersdelight:cooked_mutton_chops":4,"minecraft:lily_of_the_valley":1,"minecraft:white_bed":2,"minecraft:spruce_log":21,"minecraft:barrel":4,"minecraft:spruce_door":1,"quark:white_shingles":1,"minecraft:spider_eye":3,"minecraft:mossy_cobblestone":128,"minecraft:bundle":1,"minecraft:spruce_fence_gate":2,"magistuarmory:greathelm":1,"magistuarmory:rusted_bastardsword":2,"evilcraft:dark_gem":16,"waystones:waystone":2,"regions_unexplored:silver_birch_log":38,"minecraft:iron_helmet":1,"minecraft:crossbow":1,"minecraft:mossy_cobblestone_stairs":2,"minecraft:rooted_dirt":7,"minecraft:oak_sapling":2,"minecraft:chorus_fruit":1,"minecraft:coal":38,"minecraft:ender_pearl":2},"minecraft:custom":{"lootr:looted_stat":107,"minecraft:interact_with_anvil":2,"minecraft:mob_kills":61,"minecraft:interact_with_crafting_table":16,"minecraft:open_barrel":5,"minecraft:bell_ring":1,"minecraft:damage_dealt_resisted":0,"minecraft:leave_game":2,"minecraft:time_since_death":32646,"minecraft:climb_one_cm":14867,"minecraft:damage_resisted":0,"minecraft:sprint_one_cm":738229,"minecraft:walk_one_cm":565282,"minecraft:drop":43,"minecraft:play_time":180789,"minecraft:deaths":13,"minecraft:sneak_time":5067,"minecraft:walk_under_water_one_cm":4167,"minecraft:jump":2057,"minecraft:interact_with_brewingstand":1,"minecraft:walk_on_water_one_cm":24437,"minecraft:total_world_time":180789,"minecraft:interact_with_furnace":2,"minecraft:interact_with_grindstone":1,"minecraft:sleep_in_bed":3,"minecraft:time_since_rest":32434,"minecraft:waystone_activated":2,"minecraft:damage_taken":6091,"tombstone:cast_on_ally":0,"minecraft:damage_dealt":10379,"minecraft:swim_one_cm":14761,"minecraft:fly_one_cm":601912,"minecraft:open_chest":88,"minecraft:crouch_one_cm":10359,"tombstone:undead_killed":30,"minecraft:fall_one_cm":69754}},"DataVersion":3465}