{"stats":{"minecraft:killed_by":{"minecraft:player":1,"minecraft:stray":1,"minecraft:vindicator":1,"irons_spellbooks:citadel_keeper":1,"minecraft:skeleton":2,"irons_spellbooks:apothecarist":1},"minecraft:mined":{"minecraft:light_gray_stained_glass_pane":1,"minecraft:candle":31,"irons_spellbooks:armor_pile":1,"minecraft:jungle_log":20,"regions_unexplored:dead_log":10,"minecraft:hay_block":6,"minecraft:andesite":2,"minecraft:bookshelf":1,"minecraft:vine":6,"irons_spellbooks:inscription_table":2,"minecraft:stone":18,"minecraft:tripwire":1,"vinery:jungle_grape_bush_red":2,"minecraft:andesite_slab":2,"minecraft:tall_grass":2,"minecraft:wall_torch":1,"supplementaries:urn":1,"sophisticatedbackpacks:diamond_backpack":2,"minecraft:stone_brick_stairs":2,"minecraft:grass":2,"minecraft:oak_log":15,"vinery:jungle_grape_bush_white":4},"minecraft:picked_up":{"irons_spellbooks:scroll":3,"sophisticatedbackpacks:gold_backpack":1,"irons_spellbooks:affinity_ring":1,"minecraft:knowledge_book":2,"minecraft:stone_brick_stairs":1,"regions_unexplored:dead_log":9,"minecraft:string":7,"minecraft:iron_axe":2,"irons_spellbooks:heavy_chain_necklace":1,"minecraft:netherite_scrap":1,"irons_spellbooks:arcane_essence":15,"minecraft:gold_nugget":10,"irons_spellbooks:conjurers_talisman":1,"minecraft:candle":81,"alexsmobs:banana":2,"irons_spellbooks:epic_ink":1,"minecraft:jungle_sapling":1,"minecraft:iron_nugget":27,"regions_unexplored:redwood_planks":8,"irons_spellbooks:inscription_table":2,"vinery:jungle_grape_seeds_white":2,"minecraft:stick":20,"apotheosis:gem":2,"minecraft:stone":1,"minecraft:torch":1,"alexscaves:primordial_pants":1,"alexscaves:primordial_helmet":1,"tombstone:grave_dust":1,"born_in_chaos_v1:pieceofdarkmetal":2,"irons_spellbooks:fire_rune":1,"minecraft:golden_chestplate":1,"irons_spellbooks:evocation_rune":1,"minecraft:arrow":3,"minecraft:rotten_flesh":6,"minecraft:hay_block":6,"minecraft:saddle":1,"minecraft:gold_ingot":2,"minecraft:blaze_rod":7,"irons_spellbooks:magic_cloth":1,"minecraft:cobblestone":162,"born_in_chaos_v1:corpse_maggot":1,"born_in_chaos_v1:monster_flesh":3,"minecraft:andesite":6,"minecraft:jungle_log":27,"vinery:jungle_grape_seeds_red":1,"minecraft:oak_log":15,"supplementaries:flax_seeds":2,"minecraft:golden_boots":1,"minecraft:gunpowder":7,"irons_spellbooks:common_ink":2,"minecraft:bone":2,"farmersdelight:iron_knife":1,"minecraft:apple":2,"minecraft:bow":1,"minecraft:wheat_seeds":1,"minecraft:iron_ingot":1,"irons_spellbooks:cinder_essence":2,"minecraft:iron_sword":1,"sophisticatedbackpacks:diamond_backpack":2,"minecraft:book":3,"minecraft:ghast_tear":1,"irons_spellbooks:legendary_ink":1,"born_in_chaos_v1:ethereal_spirit":2,"minecraft:jungle_planks":4,"minecraft:bundle":2,"vinery:jungle_grapes_red":2,"minecraft:emerald":44,"minecraft:oak_sapling":9,"minecraft:oak_leaves":1,"minecraft:coal":4,"minecraft:andesite_slab":2},"minecraft:killed":{"born_in_chaos_v1:restless_spirit":2,"irons_spellbooks:pyromancer":1,"minecraft:vindicator":1,"minecraft:spider":1,"born_in_chaos_v1:maggot":3,"minecraft:skeleton":3,"alexsmobs:leafcutter_ant":1,"irons_spellbooks:archevoker":1,"minecraft:skeleton_horse":1,"irons_spellbooks:citadel_keeper":2,"enemyexpansion:sprinter":1,"minecraft:ravager":1,"minecraft:pillager":1},"minecraft:dropped":{"minecraft:wheat_seeds":1,"minecraft:knowledge_book":7,"vinery:jungle_grape_seeds_red":1,"minecraft:grass_block":1,"minecraft:coal":4,"minecraft:stick":10,"tombstone:grave_key":1,"theoneprobe:probenote":1,"minecraft:jungle_sapling":1,"minecraft:string":6,"minecraft:gold_ingot":2,"minecraft:andesite_slab":1,"minecraft:rotten_flesh":6,"patchouli:guide_book":1,"minecraft:filled_map":1,"minecraft:stone":1,"minecraft:jungle_log":7,"born_in_chaos_v1:corpse_maggot":1,"minecraft:oak_sapling":1},"minecraft:custom":{"lootr:looted_stat":65,"minecraft:mob_kills":20,"minecraft:interact_with_crafting_table":10,"minecraft:open_barrel":6,"minecraft:bell_ring":1,"minecraft:damage_dealt_resisted":0,"minecraft:leave_game":3,"minecraft:time_since_death":17657,"minecraft:climb_one_cm":10460,"minecraft:damage_resisted":0,"minecraft:sprint_one_cm":173795,"minecraft:walk_one_cm":163745,"minecraft:drop":33,"minecraft:talked_to_villager":2,"minecraft:play_time":132682,"minecraft:deaths":12,"minecraft:sneak_time":3010,"minecraft:walk_under_water_one_cm":1864,"minecraft:jump":835,"minecraft:walk_on_water_one_cm":8979,"minecraft:total_world_time":132682,"minecraft:interact_with_furnace":1,"tombstone:raider_killed":3,"minecraft:sleep_in_bed":2,"minecraft:time_since_rest":17726,"minecraft:damage_taken":3825,"minecraft:damage_absorbed":22,"minecraft:damage_dealt":6785,"minecraft:swim_one_cm":6301,"minecraft:fly_one_cm":1095697,"minecraft:player_kills":2,"minecraft:open_chest":4,"minecraft:crouch_one_cm":3898,"tombstone:undead_killed":5,"minecraft:fall_one_cm":25510},"minecraft:crafted":{"minecraft:furnace":1,"sophisticatedbackpacks:iron_backpack":2,"irons_spellbooks:copper_spell_book":1,"minecraft:crafting_table":5,"sophisticatedbackpacks:gold_backpack":2,"regions_unexplored:dead_planks":9,"minecraft:air":44,"minecraft:jungle_planks":8,"minecraft:diamond_pickaxe":1,"sophisticatedbackpacks:diamond_backpack":2,"minecraft:stick":4},"minecraft:used":{"irons_spellbooks:inscription_table":3,"minecraft:trident":16,"minecraft:chest":4,"minecraft:stone":4,"minecraft:iron_sword":38,"vinery:jungle_grapes_red":2,"minecraft:torch":5,"sophisticatedbackpacks:diamond_backpack":2,"minecraft:iron_axe":13,"minecraft:grass_block":1,"minecraft:iron_boots":1,"minecraft:furnace":1,"minecraft:goat_horn":2,"tombstone:gift":4,"alexsmobs:banana":2,"farmersdelight:iron_knife":32,"simplyswords:runic_greathammer":34,"regions_unexplored:dead_planks":9,"ancient_elements:iron_hammer":19,"minecraft:oak_leaves":1,"irons_spellbooks:keeper_spawn_egg":1,"minecraft:crafting_table":5,"minecraft:creeper_spawn_egg":1,"minecraft:diamond_pickaxe":6,"minecraft:apple":2,"minecraft:bread":3,"minecraft:string":1,"minecraft:iron_pickaxe":1,"tombstone:grave_key":1,"minecraft:cobblestone":14}},"DataVersion":3465}