{"stats":{"minecraft:killed_by":{"enemyexpansion:sprinter":2,"minecraft:skeleton":5,"minecraft:stray":2,"born_in_chaos_v1:zombie_bruiser":1,"enemyexpansion:direwolf":1,"enemyexpansion:equestrian":1},"minecraft:used":{"tombstone:scroll_of_unstable_intangibility":1,"minecraft:knowledge_book":14,"minecraft:trident":1,"simplyswords:iron_rapier":119,"minecraft:baked_potato":2,"minecraft:iron_sword":3,"minecraft:torch":39,"minecraft:snowball":25,"tombstone:tablet_of_cupidity":1,"tombstone:tablet_of_assistance":3,"minecraft:bread":1,"minecraft:iron_pickaxe":167,"alexscaves:primordial_helmet":1,"tombstone:grave_key":4,"alexsmobs:tendon_whip":4,"minecraft:cobblestone":19,"minecraft:diamond_sword":54,"minecraft:potion":1,"alexsmobs:novelty_hat":1,"tombstone:gift":1,"minecraft:cooked_beef":2,"minecraft:golden_pickaxe":9},"minecraft:picked_up":{"minecraft:leather_chestplate":1,"minecraft:wheat":1,"magistuarmory:rustedhalfarmor_chestplate":1,"magistuarmory:rustedchainmail_boots":4,"born_in_chaos_v1:monster_flesh":1,"minecraft:chainmail_chestplate":2,"minecraft:string":8,"minecraft:spawner":1,"born_in_chaos_v1:monster_skin":1,"minecraft:leather_boots":3,"minecraft:bone":15,"evilcraft:bloody_cobblestone":64,"minecraft:stone_bricks":2,"minecraft:cracked_stone_bricks":1,"minecraft:wheat_seeds":3,"create_new_age:magnetite_block":2,"minecraft:iron_nugget":2,"minecraft:iron_sword":1,"regions_unexplored:silver_birch_sapling":1,"apotheosis:gem":3,"iceandfire:dragonbone":47,"minecraft:torch":1,"alexscaves:primordial_helmet":1,"tombstone:grave_dust":1,"magistuarmory:rustedchainmail_leggings":1,"minecraft:spider_eye":1,"minecraft:mossy_cobblestone":1,"iceandfire:dragon_skull_ice":3,"minecraft:bundle":1,"minecraft:quartz_block":3,"minecraft:arrow":11,"minecraft:rotten_flesh":20,"minecraft:snowball":25,"minecraft:iron_bars":12,"minecraft:cobblestone":27},"minecraft:killed":{"minecraft:cave_spider":1,"minecraft:spider":6,"enemyexpansion:sprinter":1,"enemyexpansion:direwolf":1,"born_in_chaos_v1:maggot":7,"minecraft:skeleton":9,"minecraft:zombie":21,"born_in_chaos_v1:dread_hound":1,"minecraft:stray":1,"minecraft:silverfish":2},"minecraft:broken":{"minecraft:golden_pickaxe":1},"minecraft:mined":{"minecraft:quartz_block":9,"minecraft:mossy_cobblestone":2,"create_new_age:magnetite_block":2,"minecraft:cobblestone":3,"minecraft:chiseled_stone_bricks":1,"minecraft:spawner":30,"regions_unexplored:frozen_grass":2,"minecraft:iron_bars":13,"minecraft:cracked_stone_bricks":2,"evilcraft:bloody_cobblestone":71,"minecraft:stone":28,"minecraft:stone_bricks":6,"minecraft:mossy_stone_bricks":4},"minecraft:dropped":{"minecraft:iron_sword":1,"minecraft:wheat_seeds":3,"minecraft:iron_nugget":2,"relics:solid_snowball":1,"minecraft:glass_bottle":1,"minecraft:wheat":1,"minecraft:iron_helmet":1,"minecraft:knowledge_book":1,"minecraft:rotten_flesh":26,"tombstone:tablet_of_assistance":1,"regions_unexplored:silver_birch_sapling":1,"iceandfire:dragon_skull_ice":3,"minecraft:chainmail_helmet":2,"minecraft:chainmail_chestplate":2,"born_in_chaos_v1:monster_flesh":1,"minecraft:leather_chestplate":1,"create_new_age:magnetite_block":2,"minecraft:quartz_block":2,"minecraft:leather_boots":4,"minecraft:spider_eye":1,"minecraft:stone_bricks":1,"minecraft:iron_bars":2,"minecraft:arrow":8,"alexscaves:primordial_helmet":1,"magistuarmory:rustedchainmail_boots":2,"minecraft:string":4,"minecraft:bone":4,"magistuarmory:rustedchainmail_leggings":1},"minecraft:custom":{"lootr:looted_stat":46,"minecraft:mob_kills":50,"minecraft:open_barrel":4,"minecraft:damage_dealt_resisted":4,"minecraft:leave_game":1,"minecraft:time_since_death":8584,"minecraft:climb_one_cm":3244,"minecraft:damage_resisted":0,"minecraft:time_since_rest":8354,"minecraft:sprint_one_cm":266775,"minecraft:damage_taken":3563,"minecraft:walk_one_cm":152251,"minecraft:drop":40,"minecraft:damage_dealt":5981,"tombstone:cast_on_ally":0,"minecraft:talked_to_villager":3,"minecraft:fly_one_cm":144340,"minecraft:player_kills":3,"minecraft:open_chest":1,"minecraft:crouch_one_cm":2797,"minecraft:play_time":61153,"tombstone:undead_killed":32,"minecraft:deaths":12,"minecraft:sneak_time":1060,"minecraft:walk_under_water_one_cm":1309,"minecraft:jump":724,"minecraft:walk_on_water_one_cm":417,"minecraft:total_world_time":61153,"minecraft:fall_one_cm":14748}},"DataVersion":3465}