{"stats":{"minecraft:broken":{"alexscaves:diving_helmet":1,"minecraft:iron_boots":1,"minecraft:iron_leggings":1,"quark:forgotten_hat":1,"alexsmobs:novelty_hat":1,"minecraft:leather_chestplate":1,"irons_spellbooks:wandering_magician_chestplate":1,"minecraft:iron_pickaxe":1,"minecraft:iron_helmet":1,"minecraft:golden_pickaxe":1,"magistuarmory:rustedchainmail_leggings":1,"alexsmobs:roadrunner_boots":1},"minecraft:custom":{"lootr:looted_stat":245,"minecraft:interact_with_crafting_table":6,"minecraft:open_barrel":15,"minecraft:leave_game":12,"minecraft:time_since_death":2364,"minecraft:damage_resisted":64,"minecraft:sprint_one_cm":735885,"minecraft:drop":166,"minecraft:talked_to_villager":7,"minecraft:play_time":318669,"minecraft:deaths":93,"minecraft:jump":3891,"minecraft:interact_with_brewingstand":1,"minecraft:walk_on_water_one_cm":22716,"minecraft:interact_with_cartography_table":1,"tombstone:sneak_grave":1,"minecraft:damage_dealt":49111,"minecraft:player_kills":13,"minecraft:crouch_one_cm":70415,"tombstone:undead_killed":118,"tombstone:villager_killed":3,"minecraft:mob_kills":260,"minecraft:damage_dealt_resisted":1376,"minecraft:climb_one_cm":4344,"minecraft:walk_one_cm":607424,"minecraft:damage_dealt_absorbed":159,"minecraft:sneak_time":22035,"minecraft:walk_under_water_one_cm":18944,"minecraft:interact_with_blast_furnace":3,"minecraft:total_world_time":318669,"minecraft:pot_flower":1,"minecraft:time_since_rest":2243,"minecraft:damage_absorbed":503,"minecraft:damage_taken":33036,"tombstone:cast_on_ally":4,"minecraft:swim_one_cm":13734,"minecraft:fly_one_cm":669655,"minecraft:open_chest":14,"minecraft:aviate_one_cm":299,"minecraft:fall_one_cm":121958},"minecraft:killed_by":{"minecraft:creeper":3,"born_in_chaos_v1:zombie_bruiser":1,"enemyexpansion:slugger":7,"enemyexpansion:huntsman":2,"twilightforest:minotaur":2,"enemyexpansion:sprinter":2,"artifacts:mimic":1,"minecraft:zombie":3,"minecraft:stray":9,"enemyexpansion:equestrian":1,"born_in_chaos_v1:fallen_chaos_knight":3,"minecraft:warden":34,"minecraft:skeleton":10,"enemyexpansion:direwolf":1,"born_in_chaos_v1:missioner":1,"iceandfire:troll":1},"minecraft:picked_up":{"minecraft:wheat":1,"quark:flowering_azalea_leaf_carpet":8,"minecraft:flower_pot":1,"quark:music_disc_drips":1,"ancient_elements:palladium_drill":1,"minecraft:potion":3,"minecraft:knowledge_book":9,"tombstone:grave_key":1,"create:lime_seat":3,"minecraft:string":12,"minecraft:raw_copper":31,"irons_spellbooks:graybeard_staff":1,"irons_spellbooks:arcane_essence":2,"minecraft:cobbled_deepslate":678,"minecraft:bucket":1,"artifacts:aqua_dashers":1,"irons_spellbooks:wandering_magician_chestplate":1,"minecraft:written_book":2,"minecraft:iron_pickaxe":1,"minecraft:furnace":1,"minecraft:diamond_ore":1,"minecraft:tipped_arrow":2,"artifacts:universal_attractor":1,"apotheosis:gem":10,"alexscaves:limestone_spear":1,"minecraft:torch":2,"minecraft:spruce_stairs":4,"minecraft:snow_block":13,"alexsmobs:lobster_bucket":1,"minecraft:diorite":184,"tombstone:grave_dust":14,"minecraft:cauldron":1,"quark:blossom_planks":4,"minecraft:quartz_block":3,"minecraft:stone_sword":2,"minecraft:rotten_flesh":63,"create:ochrum":1,"create:veridium":2,"minecraft:tadpole_bucket":1,"supplementaries:ash":9,"quark:dark_oak_leaf_carpet":14,"minecraft:iron_bars":12,"minecraft:snowball":39,"minecraft:cobblestone":739,"minecraft:leather_chestplate":1,"magistuarmory:rustedchainmail_boots":4,"minecraft:andesite":2,"artifacts:thorn_pendant":1,"minecraft:potato":2,"ancient_elements:raw_lead":6,"minecraft:flint":10,"minecraft:tuff":14,"create:raw_zinc":1,"evilcraft:flesh_humanoid":6,"quark:glowberry_sack":1,"minecraft:dirt":35,"artifacts:flippers":1,"born_in_chaos_v1:monster_skin":1,"minecraft:leather_boots":3,"minecraft:bone":45,"evilcraft:bloody_cobblestone":64,"supplementaries:daub_frame":2,"minecraft:bow":2,"alexscaves:toxic_paste":1,"minecraft:wheat_seeds":3,"create_new_age:magnetite_block":2,"minecraft:mossy_stone_bricks":1,"artifacts:antidote_vessel":1,"supplementaries:trapped_present_lime":1,"irons_spellbooks:frozen_bone":28,"quark:shale":17,"minecraft:stripped_spruce_log":1,"create:polished_cut_deepslate_slab":2,"minecraft:trapped_chest":1,"minecraft:dark_oak_log":3,"minecraft:barrel":16,"create:honeyed_apple":1,"minecraft:mossy_cobblestone":1,"minecraft:bundle":2,"croptopia:hops_seed":2,"minecraft:diamond":23,"artifacts:crystal_heart":1,"minecraft:chainmail_helmet":2,"minecraft:bread":4,"born_in_chaos_v1:rotten_fish":3,"iceandfire:raw_silver":1,"minecraft:diamond_pickaxe":1,"minecraft:crafting_table":1,"minecraft:chicken":1,"twilightforest:cooked_meef":1,"minecraft:leather_leggings":1,"minecraft:red_bed":1,"create:orange_seat":3,"born_in_chaos_v1:intoxicating_decoction":3,"minecraft:cracked_stone_bricks":4,"minecraft:iron_nugget":2,"minecraft:jungle_sapling":1,"supplementaries:trapped_present_blue":1,"minecraft:chest":11,"minecraft:spruce_trapdoor":15,"minecraft:copper_ore":2,"minecraft:egg":1,"minecraft:raw_iron":13,"iceandfire:dragonbone":66,"regions_unexplored:ash_vent":2,"supplementaries:trapped_present_light_gray":1,"artifacts:charm_of_sinking":1,"artifacts:vampiric_glove":1,"ancient_elements:raw_tin":5,"alexscaves:primordial_helmet":1,"magistuarmory:rustedkettlehat":1,"quark:slime_in_a_bucket":1,"minecraft:redstone":7,"supplementaries:trapped_present_green":2,"supplementaries:candle_holder_green":4,"iceandfire:dragon_skull_ice":4,"minecraft:arrow":39,"relics:solid_snowball":2,"artifacts:running_shoes":1,"artifacts:pocket_piston":1,"miners_delight:bat_wing":1,"sophisticatedbackpacks:copper_backpack":1,"minecraft:emerald_ore":1,"minecraft:lapis_ore":1,"born_in_chaos_v1:fused_bone":2,"minecraft:stripped_oak_log":1,"born_in_chaos_v1:corpse_maggot":19,"minecraft:air":0,"magistuarmory:rustedhalfarmor_chestplate":1,"minecraft:basalt":53,"born_in_chaos_v1:monster_flesh":1,"artifacts:novelty_drinking_hat":1,"minecraft:tripwire_hook":1,"minecraft:oak_log":1,"minecraft:chainmail_chestplate":3,"minecraft:cobblestone_wall":1,"minecraft:gunpowder":3,"quark:forgotten_hat":1,"apotheosis:warden_tendril":2,"minecraft:spawner":1,"minecraft:stone_bricks":12,"minecraft:acacia_trapdoor":2,"minecraft:iron_ingot":2,"minecraft:iron_ore":3,"minecraft:sculk_catalyst":1,"minecraft:iron_sword":1,"regions_unexplored:silver_birch_sapling":1,"minecraft:book":15,"minecraft:smooth_basalt":2,"magistuarmory:rustedchainmail_chestplate":1,"supplementaries:sack":1,"quark:glass_item_frame":2,"minecraft:dandelion":1,"minecraft:raw_iron_block":1,"apotheosis:uncommon_material":5,"minecraft:gravel":10,"minecraft:gold_ore":3,"magistuarmory:rustedchainmail_leggings":2,"minecraft:spider_eye":1,"minecraft:coal_ore":1,"magistuarmory:rustedcrusader_boots":1,"evilcraft:dark_gem":5,"minecraft:iron_helmet":1,"minecraft:redstone_ore":1,"minecraft:diamond_axe":1,"tombstone:magic_scroll":3,"quark:orange_blossom_leaf_carpet":3,"supplementaries:trapped_present_red":4,"minecraft:coal":8},"minecraft:used":{"tombstone:scroll_of_unstable_intangibility":9,"sophisticatedbackpacks:copper_backpack":1,"minecraft:chest":14,"minecraft:iron_sword":3,"tombstone:scroll_of_purification":1,"minecraft:rotten_flesh":1,"minecraft:carrot":1,"create:polished_cut_deepslate_slab":2,"minecraft:snowball":26,"simplyswords:runic_chakram":18,"minecraft:stripped_spruce_log":1,"tombstone:tablet_of_cupidity":7,"minecraft:egg":1,"minecraft:mossy_stone_bricks":1,"simplyswords:iron_rapier":119,"minecraft:acacia_trapdoor":1,"tombstone:scroll_of_true_sight":3,"minecraft:diamond_axe":84,"minecraft:golden_apple":8,"supplementaries:candle_holder_green":4,"minecraft:bread":2,"tombstone:grave_key":76,"create:honeyed_apple":1,"minecraft:diamond_sword":274,"tombstone:familiar_stone":2,"simplyswords:iron_glaive":4,"minecraft:golden_pickaxe":9,"tombstone:scroll_of_lightning_resistance":3,"minecraft:trident":1,"minecraft:stone_sword":87,"minecraft:flint_and_steel":13,"tombstone:scroll_of_frost_resistance":1,"minecraft:torch":45,"minecraft:dirt":24,"alexscaves:limestone_spear":2,"alexscaves:primordial_helmet":1,"evilcraft:box_of_eternal_closure":1,"minecraft:magma_cube_spawn_egg":2,"minecraft:tadpole_bucket":1,"quark:glowberry_sack":1,"alexsmobs:lobster_bucket":1,"alexsmobs:novelty_hat":1,"tombstone:gift":6,"minecraft:cooked_beef":2,"minecraft:cobbled_deepslate":52,"minecraft:knowledge_book":60,"tombstone:scroll_of_mercy":4,"minecraft:baked_potato":2,"simplyswords:slumbering_lichblade":296,"tombstone:scroll_of_feather_fall":2,"minecraft:crafting_table":3,"tombstone:bag_of_seeds":1,"minecraft:diamond_pickaxe":2951,"tombstone:tablet_of_assistance":7,"minecraft:iron_pickaxe":575,"tombstone:magic_scroll":4,"alexsmobs:tendon_whip":6,"minecraft:potion":3,"minecraft:cobblestone":310,"quark:slime_in_a_bucket":4,"minecraft:bucket":2},"minecraft:mined":{"create:deepslate_zinc_ore":1,"minecraft:sculk_vein":2,"create:lime_seat":4,"minecraft:spruce_trapdoor":15,"minecraft:budding_amethyst":1,"minecraft:grass_block":6,"realmrpg_skeletons:dungeon_crawler_skeleton":1,"minecraft:chiseled_stone_bricks":1,"minecraft:spawner":64,"supplementaries:daub_frame":2,"minecraft:cobbled_deepslate":1,"minecraft:iron_ore":10,"minecraft:fire":4,"minecraft:barrel":5,"quark:glowberry_sack":1,"ancient_elements:tin_ore":3,"minecraft:sculk_shrieker":4,"minecraft:iron_bars":13,"create:veridium":16,"sophisticatedbackpacks:copper_backpack":1,"create:limestone":17,"supplementaries:trapped_present_green":3,"minecraft:deepslate_redstone_ore":1,"quark:blossom_bookshelf":2,"minecraft:quartz_block":9,"lootr:lootr_chest":14,"minecraft:red_bed":1,"minecraft:torch":1,"minecraft:potted_jungle_sapling":1,"minecraft:calcite":6,"minecraft:chest":2,"create:scoria":17,"quark:flowering_azalea_leaf_carpet":8,"ancient_elements:deepslate_tin_ore":5,"minecraft:cobblestone":22,"ancient_elements:deepslate_steel_ore":2,"minecraft:amethyst_block":4,"minecraft:cauldron":1,"supplementaries:trapped_present_blue":1,"quark:mangrove_bookshelf":3,"minecraft:magenta_bed":1,"minecraft:dirt":61,"minecraft:smooth_basalt":29,"minecraft:tripwire_hook":1,"create:crimsite":27,"minecraft:deepslate":984,"create:zinc_ore":2,"minecraft:tuff":128,"iceandfire:silver_ore":1,"minecraft:mossy_cobblestone":2,"ancient_elements:lead_ore":4,"minecraft:deepslate_diamond_ore":6,"quark:shale":17,"born_in_chaos_v1:infected_diamond_ore":1,"create:polished_cut_deepslate_slab":2,"minecraft:redstone_ore":2,"minecraft:acacia_trapdoor":1,"minecraft:andesite":5,"minecraft:stripped_spruce_log":1,"evilcraft:dark_ore":2,"regions_unexplored:frozen_grass":2,"create:orange_seat":3,"minecraft:deepslate_iron_ore":2,"minecraft:vine":6,"ancient_elements:palladium_ore":4,"minecraft:packed_ice":4,"regions_unexplored:ash_vent":3,"ars_nouveau:rune":1,"minecraft:stone":1561,"ancient_elements:deepslate_lead_ore":2,"ancient_elements:steel_ore":4,"lootr:lootr_barrel":17,"minecraft:basalt":82,"create_new_age:magnetite_block":2,"supplementaries:candle_holder_green":1,"minecraft:crafting_table":1,"regions_unexplored:volcanic_ash":2,"minecraft:sculk_sensor":2,"supplementaries:sack":1,"minecraft:copper_ore":9,"minecraft:deepslate_gold_ore":1,"minecraft:lapis_ore":6,"minecraft:sculk":45,"minecraft:diorite":174,"supplementaries:urn":4,"minecraft:spruce_stairs":4,"supplementaries:trapped_present_light_gray":1,"minecraft:cobblestone_wall":1,"quark:dark_oak_leaf_carpet":14,"minecraft:polished_blackstone_slab":1,"minecraft:ice":24,"supplementaries:trapped_present_lime":1,"ars_nouveau:mage_block":2,"minecraft:coal_ore":9,"minecraft:gravel":25,"minecraft:dripstone_block":1,"minecraft:cracked_stone_bricks":5,"supplementaries:trapped_present_red":2,"evilcraft:bloody_cobblestone":71,"minecraft:stone_bricks":8,"minecraft:mossy_stone_bricks":5,"minecraft:gold_ore":4},"minecraft:crafted":{"minecraft:oak_planks":4,"tombstone:grave_key":1,"minecraft:chest":10,"sophisticatedbackpacks:backpack":1,"quark:blossom_planks":22,"minecraft:crafting_table":2,"minecraft:diamond_pickaxe":1,"minecraft:stick":4,"minecraft:iron_pickaxe":1,"quark:blossom_chest":10,"sophisticatedbackpacks:iron_backpack":1,"sophisticatedbackpacks:gold_backpack":1,"minecraft:air":112},"minecraft:killed":{"born_in_chaos_v1:zombie_clown":2,"minecraft:cave_spider":1,"born_in_chaos_v1:zombie_lumberjack":1,"minecraft:spider":14,"alexsmobs:snow_leopard":1,"born_in_chaos_v1:siamese_skeletonsright":1,"quark:forgotten":1,"minecraft:skeleton":23,"minecraft:chicken":1,"minecraft:silverfish":2,"creeperoverhaul:cave_creeper":1,"enemyexpansion:vampflyer":1,"artifacts:mimic":11,"twilightforest:minotaur":1,"minecraft:magma_cube":3,"alexscaves:gammaroach":1,"born_in_chaos_v1:diamond_termite":1,"born_in_chaos_v1:bone_imp":1,"irons_spellbooks:necromancer":2,"ars_nouveau:dummy":1,"born_in_chaos_v1:zombie_fisherman":1,"minecraft:zombie":46,"born_in_chaos_v1:dread_hound":5,"born_in_chaos_v1:corpse_fly":7,"enemyexpansion:botfly":20,"minecraft:stray":8,"born_in_chaos_v1:door_knight":1,"born_in_chaos_v1:siamese_skeletonsleft":1,"enemyexpansion:trollenraged":1,"enemyexpansion:direwolf":12,"enemyexpansion:goblin_fear":1,"born_in_chaos_v1:zombie_bruiser":1,"born_in_chaos_v1:maggot":26,"born_in_chaos_v1:dire_hound_leader":1,"enemyexpansion:faller":2,"born_in_chaos_v1:corpse_fish":4,"minecraft:snow_golem":1,"minecraft:warden":2,"born_in_chaos_v1:siamese_skeletons":1,"minecraft:husk":4,"born_in_chaos_v1:baby_skeleton":1,"born_in_chaos_v1:swarmer":1,"minecraft:bat":3,"enemyexpansion:sprinter":1,"minecraft:wandering_trader":3,"born_in_chaos_v1:decrepit_skeleton":1,"enemyexpansion:crawler":1,"born_in_chaos_v1:bloody_gadfly":1,"enemyexpansion:huntsman":1,"tombstone:spectral_wolf":1,"enemyexpansion:slugger":17},"minecraft:dropped":{"minecraft:gold_ore":2,"minecraft:iron_sword":1,"irons_spellbooks:concentration_amulet":1,"simplyswords:iron_glaive":1,"minecraft:glass_bottle":3,"croptopia:hops_seed":2,"twilightforest:cooked_meef":1,"tombstone:tablet_of_assistance":2,"born_in_chaos_v1:monster_flesh":1,"minecraft:dirt":12,"minecraft:iron_pickaxe":1,"minecraft:bone":4,"magistuarmory:rustedchainmail_leggings":1,"minecraft:gravel":8,"minecraft:iron_nugget":2,"relics:solid_snowball":3,"minecraft:cobbled_deepslate":272,"minecraft:wheat":1,"minecraft:obsidian":6,"minecraft:rotten_flesh":52,"evilcraft:flesh_humanoid":10,"ancient_elements:raw_tin":1,"minecraft:chainmail_chestplate":3,"minecraft:leather_chestplate":1,"supplementaries:ash":4,"minecraft:gunpowder":1,"croptopia:broccoli_seed":1,"minecraft:quartz_block":2,"born_in_chaos_v1:corpse_maggot":2,"minecraft:leather_boots":4,"minecraft:iron_bars":2,"minecraft:arrow":10,"alexscaves:primordial_helmet":1,"magistuarmory:rustedchainmail_boots":2,"minecraft:enchanted_book":1,"minecraft:bread":7,"croptopia:turnip_seed":3,"minecraft:wheat_seeds":3,"quark:blossom_planks":4,"minecraft:knowledge_book":29,"minecraft:iron_helmet":1,"minecraft:cobblestone":332,"regions_unexplored:silver_birch_sapling":1,"minecraft:chainmail_helmet":4,"minecraft:acacia_trapdoor":1,"quark:glass_item_frame":1,"minecraft:diorite":78,"minecraft:sculk_catalyst":1,"tombstone:grave_key":1,"born_in_chaos_v1:fused_bone":1,"minecraft:iron_leggings":1,"croptopia:turmeric_seed":2,"minecraft:string":4,"tombstone:voodoo_poppet":1,"ars_nouveau:caster_tome":1,"minecraft:dandelion":1,"iceandfire:dragonbone":3,"minecraft:smooth_basalt":2,"minecraft:creeper_head":1,"artifacts:aqua_dashers":1,"minecraft:tuff":6,"born_in_chaos_v1:rotten_fish":4,"minecraft:stripped_oak_log":1,"iceandfire:dragon_skull_ice":4,"minecraft:copper_ore":2,"regions_unexplored:ash_vent":1,"supplementaries:trapped_present_red":2,"minecraft:potato":1,"create_new_age:magnetite_block":2,"create:veridium":2,"miners_delight:bat_wing":1,"minecraft:diamond_pickaxe":1,"minecraft:andesite":2,"artifacts:pocket_piston":1,"minecraft:stone_bricks":7,"minecraft:spider_eye":1}},"DataVersion":3465}