{"stats":{"minecraft:custom":{"lootr:looted_stat":33,"minecraft:mob_kills":11,"minecraft:traded_with_villager":1,"minecraft:interact_with_crafting_table":8,"minecraft:open_barrel":10,"minecraft:damage_dealt_resisted":7,"minecraft:leave_game":3,"minecraft:time_since_death":8591,"minecraft:climb_one_cm":10735,"minecraft:sleep_in_bed":2,"minecraft:damage_resisted":5,"minecraft:time_since_rest":6192,"minecraft:sprint_one_cm":239282,"minecraft:damage_taken":4062,"minecraft:walk_one_cm":133026,"minecraft:drop":50,"minecraft:damage_dealt":2649,"minecraft:swim_one_cm":39482,"minecraft:fly_one_cm":443061,"minecraft:player_kills":1,"minecraft:crouch_one_cm":839,"minecraft:play_time":88918,"tombstone:undead_killed":4,"minecraft:deaths":13,"minecraft:sneak_time":604,"minecraft:walk_under_water_one_cm":6890,"minecraft:interact_with_lectern":1,"minecraft:jump":1766,"minecraft:walk_on_water_one_cm":18791,"minecraft:total_world_time":88918,"minecraft:fall_one_cm":35986},"minecraft:crafted":{"sophisticatedbackpacks:backpack":1,"minecraft:crafting_table":2,"quark:jungle_chest":1,"sophisticatedbackpacks:gold_backpack":1,"minecraft:air":18,"minecraft:jungle_planks":8,"regions_unexplored:redwood_planks":18,"minecraft:leather":1,"tombstone:grave_key":1,"minecraft:stick":4,"minecraft:wooden_axe":2,"minecraft:chest":1,"minecraft:firework_rocket":5,"sophisticatedbackpacks:iron_backpack":1},"minecraft:dropped":{"minecraft:wheat_seeds":3,"minecraft:glass_bottle":6,"minecraft:feather":1,"minecraft:knowledge_book":14,"minecraft:rotten_flesh":2,"regions_unexplored:redwood_planks":8,"born_in_chaos_v1:pieceofdarkmetal":1,"regions_unexplored:redwood_sapling":100,"regions_unexplored:duckweed":2,"alexsmobs:raw_catfish":4,"minecraft:item_frame":4,"minecraft:stick":21,"minecraft:dirt":3,"minecraft:jungle_log":9,"apotheosis:gem":7,"minecraft:jungle_sapling":1,"minecraft:wooden_sword":1,"minecraft:arrow":2},"minecraft:mined":{"minecraft:podzol":1,"regions_unexplored:duckweed":1,"minecraft:jungle_leaves":1,"minecraft:grass_block":2,"minecraft:jungle_log":11,"minecraft:tall_grass":15,"quark:bonded_leather":1,"minecraft:acacia_wood":1,"minecraft:black_bed":3,"minecraft:grass":9,"minecraft:vine":6,"minecraft:dirt":2,"minecraft:cobweb":4,"regions_unexplored:medium_grass":1,"irons_spellbooks:inscription_table":1,"regions_unexplored:redwood_log":615,"minecraft:oak_leaves":10,"minecraft:spruce_slab":1,"minecraft:fern":1},"minecraft:killed_by":{"minecraft:vindicator":1,"minecraft:player":2,"alexsmobs:crocodile":1,"irons_spellbooks:pyromancer":1,"minecraft:skeleton":2,"minecraft:stray":1,"irons_spellbooks:apothecarist":1,"iceandfire:stymphalian_bird":1},"minecraft:picked_up":{"minecraft:feather":1,"born_in_chaos_v1:monster_flesh":1,"minecraft:jungle_log":18,"minecraft:black_bed":3,"minecraft:acacia_wood":1,"minecraft:knowledge_book":3,"minecraft:dirt":6,"minecraft:string":7,"minecraft:wooden_sword":1,"quark:bonded_leather":1,"minecraft:item_frame":4,"minecraft:bone":2,"minecraft:wheat_seeds":3,"regions_unexplored:redwood_sapling":100,"minecraft:jungle_sapling":1,"minecraft:spruce_slab":1,"minecraft:glass_bottle":2,"regions_unexplored:redwood_planks":8,"irons_spellbooks:inscription_table":1,"regions_unexplored:redwood_log":718,"regions_unexplored:duckweed":2,"minecraft:stick":83,"apotheosis:gem":11,"naturalist:duck":2,"tombstone:grave_dust":1,"born_in_chaos_v1:pieceofdarkmetal":2,"minecraft:spider_eye":1,"alexsmobs:raw_catfish":4,"minecraft:arrow":3,"minecraft:rotten_flesh":6,"minecraft:oak_sapling":2},"minecraft:killed":{"born_in_chaos_v1:door_knight_not_despawn":1,"minecraft:spider":2,"naturalist:duck":2,"born_in_chaos_v1:maggot":2,"born_in_chaos_v1:decrepit_skeleton":2,"minecraft:zombie":1,"alexsmobs:crocodile":1},"minecraft:used":{"minecraft:knowledge_book":5,"minecraft:bundle":1,"minecraft:spruce_slab":1,"farmersdelight:flint_knife":7,"minecraft:crafting_table":2,"minecraft:black_bed":3,"minecraft:wooden_axe":14,"regions_unexplored:redwood_log":18,"minecraft:apple":4,"minecraft:firework_rocket":5,"born_in_chaos_v1:monster_flesh":1,"minecraft:iron_axe":50,"naturalist:duck":2,"minecraft:potion":3,"tombstone:gift":2,"alexsmobs:animal_dictionary":2},"minecraft:broken":{"minecraft:wooden_axe":2}},"DataVersion":3465}