{"stats":{"minecraft:crafted":{"minecraft:oak_planks":4,"tombstone:grave_key":1,"minecraft:chest":10,"sophisticatedbackpacks:backpack":1,"quark:blossom_planks":22,"minecraft:crafting_table":2,"minecraft:diamond_pickaxe":1,"minecraft:stick":4,"minecraft:iron_pickaxe":1,"quark:blossom_chest":10,"sophisticatedbackpacks:iron_backpack":1,"sophisticatedbackpacks:gold_backpack":1,"minecraft:air":112},"minecraft:killed_by":{"minecraft:creeper":3,"born_in_chaos_v1:zombie_bruiser":1,"enemyexpansion:slugger":6,"enemyexpansion:huntsman":2,"enemyexpansion:sprinter":2,"artifacts:mimic":1,"minecraft:zombie":2,"minecraft:stray":9,"enemyexpansion:equestrian":1,"born_in_chaos_v1:fallen_chaos_knight":3,"minecraft:skeleton":8,"enemyexpansion:direwolf":1,"born_in_chaos_v1:missioner":1,"iceandfire:troll":1},"minecraft:used":{"tombstone:scroll_of_unstable_intangibility":9,"minecraft:chest":14,"minecraft:iron_sword":3,"minecraft:rotten_flesh":1,"minecraft:carrot":1,"create:polished_cut_deepslate_slab":2,"minecraft:snowball":26,"simplyswords:runic_chakram":18,"minecraft:stripped_spruce_log":1,"tombstone:tablet_of_cupidity":7,"minecraft:egg":1,"minecraft:mossy_stone_bricks":1,"simplyswords:iron_rapier":119,"minecraft:acacia_trapdoor":1,"tombstone:scroll_of_true_sight":2,"minecraft:diamond_axe":84,"minecraft:golden_apple":5,"supplementaries:candle_holder_green":4,"minecraft:bread":2,"tombstone:grave_key":28,"create:honeyed_apple":1,"minecraft:diamond_sword":274,"tombstone:familiar_stone":2,"simplyswords:iron_glaive":4,"minecraft:golden_pickaxe":9,"tombstone:scroll_of_lightning_resistance":2,"minecraft:trident":1,"minecraft:flint_and_steel":13,"tombstone:scroll_of_frost_resistance":1,"minecraft:torch":45,"minecraft:dirt":15,"alexscaves:primordial_helmet":1,"evilcraft:box_of_eternal_closure":1,"minecraft:tadpole_bucket":1,"quark:glowberry_sack":1,"alexsmobs:lobster_bucket":1,"alexsmobs:novelty_hat":1,"tombstone:gift":5,"minecraft:cooked_beef":2,"minecraft:cobbled_deepslate":15,"minecraft:knowledge_book":59,"tombstone:scroll_of_mercy":1,"minecraft:baked_potato":2,"simplyswords:slumbering_lichblade":219,"tombstone:scroll_of_feather_fall":2,"minecraft:crafting_table":3,"tombstone:bag_of_seeds":1,"minecraft:diamond_pickaxe":969,"tombstone:tablet_of_assistance":7,"minecraft:iron_pickaxe":575,"tombstone:magic_scroll":2,"alexsmobs:tendon_whip":5,"minecraft:potion":3,"minecraft:cobblestone":234,"quark:slime_in_a_bucket":4,"minecraft:bucket":2},"minecraft:picked_up":{"minecraft:wheat":1,"quark:flowering_azalea_leaf_carpet":8,"minecraft:flower_pot":1,"quark:music_disc_drips":1,"minecraft:potion":3,"minecraft:knowledge_book":9,"tombstone:grave_key":1,"create:lime_seat":3,"minecraft:string":12,"minecraft:raw_copper":7,"irons_spellbooks:graybeard_staff":1,"irons_spellbooks:arcane_essence":2,"minecraft:cobbled_deepslate":253,"minecraft:bucket":1,"artifacts:aqua_dashers":1,"irons_spellbooks:wandering_magician_chestplate":1,"minecraft:written_book":2,"minecraft:iron_pickaxe":1,"minecraft:tipped_arrow":2,"apotheosis:gem":9,"minecraft:torch":2,"minecraft:spruce_stairs":4,"alexsmobs:lobster_bucket":1,"minecraft:snow_block":13,"minecraft:diorite":184,"tombstone:grave_dust":12,"minecraft:cauldron":1,"quark:blossom_planks":4,"minecraft:quartz_block":3,"minecraft:stone_sword":1,"minecraft:rotten_flesh":62,"create:veridium":2,"minecraft:tadpole_bucket":1,"supplementaries:ash":4,"quark:dark_oak_leaf_carpet":14,"minecraft:iron_bars":12,"minecraft:snowball":39,"minecraft:cobblestone":408,"minecraft:leather_chestplate":1,"magistuarmory:rustedchainmail_boots":4,"artifacts:thorn_pendant":1,"minecraft:potato":2,"minecraft:flint":2,"minecraft:tuff":14,"create:raw_zinc":1,"evilcraft:flesh_humanoid":2,"quark:glowberry_sack":1,"minecraft:dirt":32,"born_in_chaos_v1:monster_skin":1,"minecraft:leather_boots":3,"minecraft:bone":43,"evilcraft:bloody_cobblestone":64,"supplementaries:daub_frame":2,"minecraft:bow":2,"minecraft:wheat_seeds":3,"create_new_age:magnetite_block":2,"minecraft:mossy_stone_bricks":1,"artifacts:antidote_vessel":1,"supplementaries:trapped_present_lime":1,"irons_spellbooks:frozen_bone":28,"quark:shale":17,"minecraft:stripped_spruce_log":1,"create:polished_cut_deepslate_slab":2,"minecraft:dark_oak_log":3,"create:honeyed_apple":1,"minecraft:barrel":16,"minecraft:mossy_cobblestone":1,"minecraft:bundle":2,"croptopia:hops_seed":2,"minecraft:diamond":1,"artifacts:crystal_heart":1,"minecraft:chainmail_helmet":1,"minecraft:bread":4,"born_in_chaos_v1:rotten_fish":3,"iceandfire:raw_silver":1,"minecraft:crafting_table":1,"minecraft:chicken":1,"minecraft:leather_leggings":1,"minecraft:red_bed":1,"create:orange_seat":3,"born_in_chaos_v1:intoxicating_decoction":3,"minecraft:cracked_stone_bricks":2,"minecraft:iron_nugget":2,"minecraft:jungle_sapling":1,"supplementaries:trapped_present_blue":1,"minecraft:chest":11,"minecraft:spruce_trapdoor":15,"minecraft:egg":1,"minecraft:raw_iron":5,"iceandfire:dragonbone":66,"regions_unexplored:ash_vent":1,"supplementaries:trapped_present_light_gray":1,"artifacts:vampiric_glove":1,"ancient_elements:raw_tin":4,"alexscaves:primordial_helmet":1,"magistuarmory:rustedkettlehat":1,"quark:slime_in_a_bucket":1,"supplementaries:trapped_present_green":2,"supplementaries:candle_holder_green":4,"iceandfire:dragon_skull_ice":4,"minecraft:arrow":37,"relics:solid_snowball":2,"artifacts:running_shoes":1,"miners_delight:bat_wing":1,"born_in_chaos_v1:fused_bone":2,"minecraft:stripped_oak_log":1,"born_in_chaos_v1:corpse_maggot":19,"magistuarmory:rustedhalfarmor_chestplate":1,"minecraft:basalt":13,"born_in_chaos_v1:monster_flesh":1,"artifacts:novelty_drinking_hat":1,"minecraft:tripwire_hook":1,"minecraft:oak_log":1,"minecraft:chainmail_chestplate":2,"minecraft:gunpowder":3,"quark:forgotten_hat":1,"minecraft:spawner":1,"minecraft:stone_bricks":10,"minecraft:acacia_trapdoor":2,"minecraft:iron_ingot":2,"minecraft:iron_sword":1,"minecraft:book":15,"regions_unexplored:silver_birch_sapling":1,"minecraft:smooth_basalt":2,"magistuarmory:rustedchainmail_chestplate":1,"supplementaries:sack":1,"quark:glass_item_frame":2,"minecraft:dandelion":1,"minecraft:raw_iron_block":1,"apotheosis:uncommon_material":5,"minecraft:gravel":9,"magistuarmory:rustedchainmail_leggings":2,"minecraft:spider_eye":1,"minecraft:iron_helmet":1,"minecraft:diamond_axe":1,"tombstone:magic_scroll":3,"quark:orange_blossom_leaf_carpet":3,"supplementaries:trapped_present_red":4,"minecraft:coal":8},"minecraft:killed":{"born_in_chaos_v1:zombie_clown":2,"minecraft:cave_spider":1,"born_in_chaos_v1:zombie_lumberjack":1,"minecraft:spider":14,"alexsmobs:snow_leopard":1,"born_in_chaos_v1:siamese_skeletonsright":1,"quark:forgotten":1,"minecraft:skeleton":16,"minecraft:chicken":1,"minecraft:silverfish":2,"creeperoverhaul:cave_creeper":1,"enemyexpansion:vampflyer":1,"artifacts:mimic":7,"born_in_chaos_v1:bone_imp":1,"irons_spellbooks:necromancer":2,"ars_nouveau:dummy":1,"born_in_chaos_v1:zombie_fisherman":1,"minecraft:zombie":46,"born_in_chaos_v1:dread_hound":5,"born_in_chaos_v1:corpse_fly":7,"enemyexpansion:botfly":20,"minecraft:stray":8,"born_in_chaos_v1:door_knight":1,"born_in_chaos_v1:siamese_skeletonsleft":1,"enemyexpansion:trollenraged":1,"enemyexpansion:direwolf":12,"enemyexpansion:goblin_fear":1,"born_in_chaos_v1:zombie_bruiser":1,"born_in_chaos_v1:maggot":26,"born_in_chaos_v1:dire_hound_leader":1,"enemyexpansion:faller":2,"born_in_chaos_v1:corpse_fish":4,"minecraft:snow_golem":1,"born_in_chaos_v1:siamese_skeletons":1,"minecraft:husk":4,"born_in_chaos_v1:baby_skeleton":1,"born_in_chaos_v1:swarmer":1,"minecraft:bat":3,"enemyexpansion:sprinter":1,"minecraft:wandering_trader":3,"born_in_chaos_v1:decrepit_skeleton":1,"enemyexpansion:crawler":1,"born_in_chaos_v1:bloody_gadfly":1,"enemyexpansion:huntsman":1,"tombstone:spectral_wolf":1,"enemyexpansion:slugger":16},"minecraft:broken":{"minecraft:iron_boots":1,"minecraft:iron_leggings":1,"quark:forgotten_hat":1,"alexsmobs:novelty_hat":1,"minecraft:leather_chestplate":1,"irons_spellbooks:wandering_magician_chestplate":1,"minecraft:iron_pickaxe":1,"minecraft:iron_helmet":1,"minecraft:golden_pickaxe":1,"magistuarmory:rustedchainmail_leggings":1,"alexsmobs:roadrunner_boots":1},"minecraft:dropped":{"minecraft:iron_sword":1,"minecraft:glass_bottle":3,"croptopia:hops_seed":2,"tombstone:tablet_of_assistance":2,"born_in_chaos_v1:monster_flesh":1,"minecraft:dirt":9,"minecraft:iron_pickaxe":1,"minecraft:bone":4,"magistuarmory:rustedchainmail_leggings":1,"minecraft:gravel":7,"minecraft:iron_nugget":2,"relics:solid_snowball":3,"minecraft:cobbled_deepslate":196,"minecraft:wheat":1,"minecraft:obsidian":6,"minecraft:rotten_flesh":52,"evilcraft:flesh_humanoid":3,"minecraft:chainmail_chestplate":2,"minecraft:leather_chestplate":1,"supplementaries:ash":3,"minecraft:gunpowder":1,"croptopia:broccoli_seed":1,"minecraft:quartz_block":2,"born_in_chaos_v1:corpse_maggot":2,"minecraft:leather_boots":4,"minecraft:iron_bars":2,"minecraft:arrow":8,"alexscaves:primordial_helmet":1,"magistuarmory:rustedchainmail_boots":2,"minecraft:enchanted_book":1,"croptopia:turnip_seed":3,"minecraft:wheat_seeds":3,"quark:blossom_planks":4,"minecraft:knowledge_book":28,"minecraft:iron_helmet":1,"minecraft:cobblestone":140,"regions_unexplored:silver_birch_sapling":1,"minecraft:chainmail_helmet":3,"minecraft:acacia_trapdoor":1,"quark:glass_item_frame":1,"minecraft:diorite":78,"tombstone:grave_key":1,"croptopia:turmeric_seed":2,"minecraft:string":4,"ars_nouveau:caster_tome":1,"minecraft:dandelion":1,"iceandfire:dragonbone":3,"minecraft:smooth_basalt":2,"minecraft:tuff":6,"born_in_chaos_v1:rotten_fish":4,"minecraft:stripped_oak_log":1,"iceandfire:dragon_skull_ice":4,"regions_unexplored:ash_vent":1,"supplementaries:trapped_present_red":2,"minecraft:potato":1,"create_new_age:magnetite_block":2,"create:veridium":2,"miners_delight:bat_wing":1,"minecraft:stone_bricks":5,"minecraft:spider_eye":1},"minecraft:mined":{"create:deepslate_zinc_ore":1,"create:lime_seat":4,"minecraft:spruce_trapdoor":15,"minecraft:grass_block":6,"realmrpg_skeletons:dungeon_crawler_skeleton":1,"minecraft:chiseled_stone_bricks":1,"minecraft:spawner":61,"supplementaries:daub_frame":2,"minecraft:fire":2,"minecraft:iron_ore":5,"minecraft:barrel":5,"quark:glowberry_sack":1,"ancient_elements:tin_ore":2,"minecraft:iron_bars":13,"create:veridium":8,"supplementaries:trapped_present_green":3,"quark:blossom_bookshelf":2,"minecraft:quartz_block":9,"lootr:lootr_chest":12,"minecraft:red_bed":1,"minecraft:torch":1,"minecraft:potted_jungle_sapling":1,"minecraft:chest":2,"quark:flowering_azalea_leaf_carpet":8,"ancient_elements:deepslate_tin_ore":4,"minecraft:cobblestone":15,"ancient_elements:deepslate_steel_ore":2,"minecraft:cauldron":1,"supplementaries:trapped_present_blue":1,"quark:mangrove_bookshelf":3,"minecraft:magenta_bed":1,"minecraft:dirt":32,"minecraft:smooth_basalt":23,"minecraft:tripwire_hook":1,"minecraft:deepslate":293,"minecraft:tuff":20,"iceandfire:silver_ore":1,"ancient_elements:lead_ore":2,"minecraft:mossy_cobblestone":2,"quark:shale":17,"create:polished_cut_deepslate_slab":2,"minecraft:acacia_trapdoor":1,"minecraft:andesite":3,"minecraft:stripped_spruce_log":1,"regions_unexplored:frozen_grass":2,"create:orange_seat":3,"minecraft:vine":6,"minecraft:packed_ice":4,"regions_unexplored:ash_vent":1,"ars_nouveau:rune":1,"minecraft:stone":692,"ancient_elements:steel_ore":3,"lootr:lootr_barrel":17,"minecraft:basalt":13,"create_new_age:magnetite_block":2,"supplementaries:candle_holder_green":1,"minecraft:crafting_table":1,"supplementaries:sack":1,"minecraft:copper_ore":5,"minecraft:diorite":173,"supplementaries:urn":4,"minecraft:spruce_stairs":4,"supplementaries:trapped_present_light_gray":1,"quark:dark_oak_leaf_carpet":14,"minecraft:polished_blackstone_slab":1,"minecraft:ice":24,"supplementaries:trapped_present_lime":1,"ars_nouveau:mage_block":2,"minecraft:coal_ore":6,"minecraft:gravel":13,"minecraft:cracked_stone_bricks":3,"supplementaries:trapped_present_red":2,"evilcraft:bloody_cobblestone":71,"minecraft:stone_bricks":6,"minecraft:mossy_stone_bricks":5,"minecraft:gold_ore":1},"minecraft:custom":{"lootr:looted_stat":188,"minecraft:interact_with_crafting_table":6,"minecraft:open_barrel":15,"minecraft:leave_game":9,"minecraft:time_since_death":1162,"minecraft:damage_resisted":64,"minecraft:sprint_one_cm":620059,"minecraft:drop":132,"minecraft:talked_to_villager":7,"minecraft:play_time":234407,"minecraft:deaths":51,"minecraft:jump":3094,"minecraft:interact_with_brewingstand":1,"minecraft:walk_on_water_one_cm":22620,"minecraft:interact_with_cartography_table":1,"minecraft:damage_dealt":35905,"minecraft:player_kills":3,"minecraft:crouch_one_cm":23169,"tombstone:undead_killed":110,"tombstone:villager_killed":3,"minecraft:mob_kills":238,"minecraft:damage_dealt_resisted":1376,"minecraft:climb_one_cm":4344,"minecraft:walk_one_cm":442096,"minecraft:damage_dealt_absorbed":159,"minecraft:sneak_time":11418,"minecraft:walk_under_water_one_cm":18944,"minecraft:interact_with_blast_furnace":2,"minecraft:total_world_time":234407,"minecraft:pot_flower":1,"minecraft:time_since_rest":950,"minecraft:damage_taken":18143,"minecraft:damage_absorbed":394,"tombstone:cast_on_ally":0,"minecraft:swim_one_cm":13734,"minecraft:fly_one_cm":581085,"minecraft:open_chest":14,"minecraft:aviate_one_cm":299,"minecraft:fall_one_cm":98525}},"DataVersion":3465}