{"stats":{"minecraft:custom":{"lootr:looted_stat":19,"minecraft:mob_kills":4,"minecraft:interact_with_crafting_table":3,"minecraft:damage_dealt_resisted":0,"minecraft:leave_game":1,"minecraft:time_since_death":6927,"minecraft:sleep_in_bed":1,"minecraft:climb_one_cm":4103,"minecraft:damage_resisted":0,"minecraft:time_since_rest":6743,"minecraft:sprint_one_cm":163202,"minecraft:damage_taken":2376,"minecraft:walk_one_cm":85253,"minecraft:drop":30,"minecraft:damage_dealt":617,"minecraft:swim_one_cm":3416,"minecraft:fly_one_cm":351370,"minecraft:crouch_one_cm":249,"minecraft:play_time":54551,"tombstone:undead_killed":1,"minecraft:deaths":7,"minecraft:sneak_time":361,"minecraft:walk_under_water_one_cm":4181,"minecraft:jump":1327,"minecraft:walk_on_water_one_cm":14163,"minecraft:total_world_time":54551,"minecraft:fall_one_cm":25337},"minecraft:picked_up":{"minecraft:feather":1,"born_in_chaos_v1:monster_flesh":1,"minecraft:black_bed":3,"minecraft:acacia_wood":1,"minecraft:dirt":6,"minecraft:wooden_sword":1,"minecraft:item_frame":4,"quark:bonded_leather":1,"minecraft:bone":2,"minecraft:wheat_seeds":3,"regions_unexplored:redwood_sapling":100,"minecraft:glass_bottle":2,"irons_spellbooks:inscription_table":1,"regions_unexplored:redwood_log":718,"regions_unexplored:duckweed":2,"naturalist:duck":2,"minecraft:stick":79,"apotheosis:gem":4,"minecraft:arrow":3,"minecraft:rotten_flesh":1},"minecraft:mined":{"minecraft:podzol":1,"regions_unexplored:duckweed":1,"minecraft:jungle_leaves":1,"minecraft:grass_block":2,"minecraft:tall_grass":15,"quark:bonded_leather":1,"minecraft:acacia_wood":1,"minecraft:black_bed":3,"minecraft:grass":8,"minecraft:vine":5,"minecraft:dirt":2,"regions_unexplored:medium_grass":1,"irons_spellbooks:inscription_table":1,"regions_unexplored:redwood_log":615,"minecraft:fern":1},"minecraft:broken":{"minecraft:wooden_axe":2},"minecraft:dropped":{"minecraft:wheat_seeds":3,"minecraft:glass_bottle":6,"minecraft:feather":1,"minecraft:knowledge_book":6,"regions_unexplored:redwood_sapling":100,"regions_unexplored:duckweed":2,"minecraft:item_frame":4,"minecraft:stick":21,"minecraft:dirt":3,"minecraft:wooden_sword":1,"minecraft:arrow":2},"minecraft:crafted":{"minecraft:crafting_table":2,"minecraft:air":18,"regions_unexplored:redwood_planks":10,"minecraft:leather":1,"tombstone:grave_key":1,"minecraft:stick":4,"minecraft:wooden_axe":2},"minecraft:killed":{"naturalist:duck":2,"minecraft:zombie":1,"alexsmobs:crocodile":1},"minecraft:killed_by":{"minecraft:vindicator":1,"alexsmobs:crocodile":1,"minecraft:skeleton":2,"irons_spellbooks:apothecarist":1},"minecraft:used":{"minecraft:knowledge_book":2,"minecraft:crafting_table":1,"minecraft:black_bed":2,"minecraft:wooden_axe":14,"regions_unexplored:redwood_log":17,"born_in_chaos_v1:monster_flesh":1,"minecraft:iron_axe":8,"naturalist:duck":2,"minecraft:potion":3,"tombstone:gift":1,"alexsmobs:animal_dictionary":2}},"DataVersion":3465}