{"stats":{"minecraft:crafted":{"minecraft:oak_planks":4,"tombstone:grave_key":1,"minecraft:chest":10,"sophisticatedbackpacks:backpack":1,"quark:blossom_planks":22,"minecraft:crafting_table":2,"minecraft:diamond_pickaxe":1,"minecraft:stick":4,"minecraft:iron_pickaxe":1,"quark:blossom_chest":10,"sophisticatedbackpacks:iron_backpack":1,"sophisticatedbackpacks:gold_backpack":1,"minecraft:air":112},"minecraft:killed_by":{"minecraft:creeper":3,"born_in_chaos_v1:zombie_bruiser":1,"enemyexpansion:slugger":8,"enemyexpansion:huntsman":2,"twilightforest:minotaur":2,"enemyexpansion:sprinter":2,"artifacts:mimic":3,"minecraft:zombie":4,"minecraft:vex":1,"minecraft:stray":10,"aquamirae:maw":1,"enemyexpansion:equestrian":1,"bosses_of_mass_destruction:void_blossom":4,"born_in_chaos_v1:fallen_chaos_knight":3,"minecraft:warden":60,"minecraft:skeleton":18,"enemyexpansion:direwolf":1,"born_in_chaos_v1:missioner":1,"iceandfire:troll":1},"minecraft:used":{"tombstone:scroll_of_unstable_intangibility":9,"sophisticatedbackpacks:copper_backpack":1,"minecraft:chest":14,"minecraft:iron_sword":3,"tombstone:scroll_of_purification":1,"minecraft:rotten_flesh":1,"minecraft:carrot":1,"create:polished_cut_deepslate_slab":2,"simplyswords:runic_chakram":18,"minecraft:snowball":26,"minecraft:stripped_spruce_log":1,"tombstone:tablet_of_cupidity":7,"minecraft:egg":1,"miners_delight:copper_carrot":1,"minecraft:emerald_ore":3,"minecraft:mossy_stone_bricks":1,"simplyswords:iron_rapier":119,"minecraft:acacia_trapdoor":1,"tombstone:scroll_of_true_sight":3,"minecraft:diamond_axe":84,"minecraft:golden_apple":9,"simplyswords:flamewind":30,"supplementaries:candle_holder_green":4,"minecraft:bread":2,"minecraft:diamond_ore":1,"tombstone:grave_key":120,"create:honeyed_apple":1,"minecraft:diamond_sword":274,"tombstone:familiar_stone":2,"minecraft:andesite":1,"simplyswords:iron_glaive":4,"minecraft:golden_pickaxe":9,"tombstone:scroll_of_lightning_resistance":3,"minecraft:trident":1,"minecraft:stone_sword":181,"minecraft:flint_and_steel":13,"tombstone:scroll_of_frost_resistance":1,"minecraft:torch":49,"minecraft:dirt":24,"minecraft:anvil":4,"alexscaves:limestone_spear":5,"minecraft:iron_axe":229,"evilcraft:box_of_eternal_closure":1,"alexscaves:primordial_helmet":1,"minecraft:magma_cube_spawn_egg":2,"minecraft:tadpole_bucket":1,"minecraft:basalt":4,"quark:glowberry_sack":1,"alexsmobs:lobster_bucket":1,"alexsmobs:novelty_hat":1,"tombstone:gift":6,"minecraft:cooked_beef":2,"minecraft:cobbled_deepslate":107,"minecraft:knowledge_book":105,"tombstone:scroll_of_mercy":4,"minecraft:baked_potato":2,"simplyswords:slumbering_lichblade":531,"minecraft:gold_ore":2,"tombstone:scroll_of_feather_fall":2,"minecraft:crafting_table":3,"simplyswords:iron_twinblade":86,"tombstone:bag_of_seeds":1,"minecraft:diamond_pickaxe":13376,"tombstone:tablet_of_assistance":7,"minecraft:iron_pickaxe":575,"tombstone:magic_scroll":4,"alexsmobs:tendon_whip":6,"minecraft:potion":6,"minecraft:cobblestone":353,"quark:slime_in_a_bucket":4,"minecraft:bucket":2,"minecraft:diamond_leggings":1,"simplyswords:runic_scythe":30},"minecraft:picked_up":{"minecraft:chiseled_deepslate":1,"minecraft:wheat":1,"quark:flowering_azalea_leaf_carpet":8,"minecraft:flower_pot":1,"minecraft:anvil":5,"minecraft:stone_slab":2,"quark:music_disc_drips":1,"regions_unexplored:silt_dirt":4,"ancient_elements:palladium_drill":1,"minecraft:potion":3,"minecraft:knowledge_book":9,"tombstone:grave_key":1,"create:lime_seat":3,"evilcraft:ender_tear":1,"minecraft:string":20,"minecraft:raw_copper":31,"irons_spellbooks:graybeard_staff":1,"minecraft:red_nether_bricks":1,"irons_spellbooks:arcane_essence":2,"minecraft:deepslate_tiles":3,"minecraft:cobbled_deepslate":1702,"bosses_of_mass_destruction:soul_star":1,"minecraft:bucket":1,"artifacts:aqua_dashers":3,"minecraft:cobblestone_slab":1,"irons_spellbooks:wandering_magician_chestplate":1,"minecraft:written_book":2,"minecraft:iron_pickaxe":1,"aquamirae:terrible_boots":1,"minecraft:furnace":1,"minecraft:diamond_ore":16,"minecraft:tipped_arrow":6,"artifacts:universal_attractor":1,"apotheosis:gem":15,"alexscaves:limestone_spear":1,"miners_delight:silverfish_eggs":1,"minecraft:oak_fence":3,"minecraft:torch":3,"minecraft:spruce_stairs":5,"minecraft:snow_block":13,"alexsmobs:lobster_bucket":1,"tombstone:grave_dust":20,"minecraft:diorite":187,"minecraft:cauldron":1,"quark:blossom_planks":4,"minecraft:zombie_spawn_egg":1,"minecraft:quartz_block":5,"minecraft:stone_sword":2,"artifacts:lucky_scarf":2,"minecraft:rotten_flesh":88,"create:ochrum":1,"create:veridium":2,"artifacts:panic_necklace":2,"minecraft:tadpole_bucket":1,"supplementaries:ash":9,"quark:dark_oak_leaf_carpet":14,"minecraft:iron_bars":25,"minecraft:snowball":80,"minecraft:cobblestone":2275,"minecraft:leather_chestplate":2,"minecraft:feather":2,"magistuarmory:rustedchainmail_boots":4,"minecraft:andesite":24,"minecraft:golden_leggings":1,"artifacts:thorn_pendant":1,"minecraft:potato":2,"ancient_elements:raw_lead":6,"minecraft:flint":64,"minecraft:tuff":97,"create:raw_zinc":1,"evilcraft:flesh_humanoid":7,"quark:glowberry_sack":1,"simplyswords:flamewind":1,"minecraft:lapis_lazuli":32,"minecraft:dirt":66,"artifacts:flippers":1,"aquamirae:fin":2,"born_in_chaos_v1:monster_skin":1,"minecraft:leather_boots":3,"minecraft:bone":61,"evilcraft:bloody_cobblestone":64,"supplementaries:daub_frame":2,"minecraft:bow":3,"minecraft:wheat_seeds":3,"alexscaves:toxic_paste":1,"create_new_age:magnetite_block":3,"minecraft:mossy_stone_bricks":6,"artifacts:antidote_vessel":1,"minecraft:moss_block":3,"aquamirae:terrible_sword":1,"minecraft:oak_planks":3,"supplementaries:trapped_present_lime":1,"miners_delight:gossypium":1,"irons_spellbooks:frozen_bone":44,"quark:shale":17,"minecraft:nether_brick_stairs":2,"minecraft:stripped_spruce_log":1,"create:polished_cut_deepslate_slab":2,"minecraft:trapped_chest":1,"minecraft:dark_oak_log":3,"minecraft:barrel":66,"create:honeyed_apple":1,"minecraft:mossy_cobblestone":18,"artifacts:plastic_drinking_hat":1,"minecraft:bundle":2,"croptopia:hops_seed":2,"artifacts:golden_hook":2,"minecraft:diamond":248,"artifacts:crystal_heart":1,"magistuarmory:corruptedroundshield":1,"minecraft:emerald":5,"minecraft:chainmail_helmet":2,"minecraft:bread":4,"born_in_chaos_v1:rotten_fish":4,"minecraft:netherrack":2,"iceandfire:raw_silver":1,"minecraft:diamond_pickaxe":1,"minecraft:crafting_table":1,"minecraft:chicken":2,"twilightforest:cooked_meef":1,"minecraft:leather_leggings":1,"artifacts:power_glove":2,"minecraft:moss_carpet":1,"minecraft:red_bed":1,"create:orange_seat":3,"artifacts:feral_claws":1,"born_in_chaos_v1:intoxicating_decoction":3,"artifacts:fire_gauntlet":1,"minecraft:cracked_stone_bricks":5,"create:zinc_ore":16,"minecraft:jungle_sapling":1,"minecraft:iron_nugget":2,"supplementaries:trapped_present_blue":1,"minecraft:chest":35,"minecraft:spruce_trapdoor":15,"minecraft:egg":1,"minecraft:copper_ore":10,"minecraft:raw_iron":13,"iceandfire:dragonbone":66,"regions_unexplored:ash_vent":2,"supplementaries:trapped_present_light_gray":1,"artifacts:charm_of_sinking":1,"minecraft:copper_ingot":71,"artifacts:vampiric_glove":1,"ancient_elements:raw_tin":22,"alexscaves:primordial_helmet":1,"magistuarmory:rustedkettlehat":1,"quark:slime_in_a_bucket":1,"supplementaries:trapped_present_green":2,"minecraft:redstone":7,"supplementaries:candle_holder_green":4,"create:zinc_ingot":6,"iceandfire:dragon_skull_ice":4,"minecraft:arrow":57,"minecraft:nether_bricks":1,"relics:solid_snowball":2,"minecraft:deepslate_bricks":3,"artifacts:running_shoes":1,"minecraft:gold_ingot":42,"miners_delight:bat_wing":1,"artifacts:pocket_piston":1,"sophisticatedbackpacks:copper_backpack":1,"born_in_chaos_v1:fused_bone":4,"minecraft:emerald_ore":12,"minecraft:cracked_deepslate_tiles":4,"minecraft:lapis_ore":4,"minecraft:stripped_oak_log":1,"born_in_chaos_v1:corpse_maggot":24,"artifacts:digging_claws":1,"minecraft:air":0,"magistuarmory:rustedhalfarmor_chestplate":1,"minecraft:basalt":68,"born_in_chaos_v1:monster_flesh":1,"artifacts:novelty_drinking_hat":1,"minecraft:tripwire_hook":1,"minecraft:nether_wart_block":1,"minecraft:oak_log":1,"minecraft:chainmail_chestplate":4,"artifacts:cloud_in_a_bottle":1,"minecraft:cobblestone_wall":1,"minecraft:gunpowder":3,"quark:forgotten_hat":1,"apotheosis:warden_tendril":3,"minecraft:spawner":1,"minecraft:gray_carpet":2,"minecraft:stone_bricks":22,"minecraft:acacia_trapdoor":2,"minecraft:iron_ingot":30,"minecraft:iron_ore":14,"artifacts:kitty_slippers":1,"minecraft:emerald_block":1,"minecraft:glass_bottle":1,"artifacts:obsidian_skull":2,"minecraft:iron_sword":1,"regions_unexplored:silver_birch_sapling":1,"minecraft:book":15,"minecraft:sculk_catalyst":2,"minecraft:smooth_basalt":2,"minecraft:chiseled_stone_bricks":1,"magistuarmory:rustedchainmail_chestplate":3,"supplementaries:sack":1,"born_in_chaos_v1:ethereal_spirit":2,"quark:glass_item_frame":2,"minecraft:dandelion":1,"minecraft:raw_iron_block":1,"minecraft:gravel":10,"apotheosis:uncommon_material":5,"minecraft:gold_ore":6,"magistuarmory:rustedchainmail_leggings":3,"minecraft:spider_eye":2,"minecraft:coal_ore":9,"magistuarmory:rusted_bastardsword":1,"minecraft:mossy_cobblestone_stairs":1,"magistuarmory:rustedcrusader_boots":2,"evilcraft:dark_gem":5,"minecraft:iron_helmet":1,"minecraft:redstone_ore":8,"minecraft:diamond_axe":1,"minecraft:gray_wool":3,"tombstone:magic_scroll":4,"quark:orange_blossom_leaf_carpet":3,"supplementaries:trapped_present_red":4,"minecraft:coal":83},"minecraft:killed":{"born_in_chaos_v1:zombie_clown":2,"minecraft:cave_spider":7,"minecraft:witch":1,"born_in_chaos_v1:restless_spirit":2,"born_in_chaos_v1:zombie_lumberjack":1,"minecraft:spider":18,"alexsmobs:snow_leopard":1,"born_in_chaos_v1:siamese_skeletonsright":2,"quark:forgotten":1,"minecraft:skeleton":51,"minecraft:chicken":2,"minecraft:silverfish":7,"creeperoverhaul:cave_creeper":1,"enemyexpansion:vampflyer":1,"artifacts:mimic":29,"twilightforest:minotaur":1,"minecraft:magma_cube":3,"alexscaves:gammaroach":1,"born_in_chaos_v1:diamond_termite":1,"born_in_chaos_v1:bone_imp":1,"irons_spellbooks:necromancer":2,"minecraft:creeper":2,"ars_nouveau:dummy":2,"born_in_chaos_v1:zombie_fisherman":2,"minecraft:zombie":63,"born_in_chaos_v1:dread_hound":5,"born_in_chaos_v1:corpse_fly":8,"enemyexpansion:botfly":25,"minecraft:stray":19,"born_in_chaos_v1:door_knight":1,"born_in_chaos_v1:siamese_skeletonsleft":2,"enemyexpansion:trollenraged":1,"minecraft:vex":11,"enemyexpansion:goblin_fear":1,"enemyexpansion:direwolf":16,"born_in_chaos_v1:zombie_bruiser":1,"born_in_chaos_v1:maggot":37,"born_in_chaos_v1:dire_hound_leader":1,"enemyexpansion:faller":2,"born_in_chaos_v1:corpse_fish":4,"minecraft:snow_golem":1,"minecraft:warden":3,"enemyexpansion:goblin":1,"born_in_chaos_v1:siamese_skeletons":1,"minecraft:husk":4,"aquamirae:maw":1,"born_in_chaos_v1:baby_skeleton":3,"born_in_chaos_v1:swarmer":1,"minecraft:bat":4,"enemyexpansion:sprinter":4,"minecraft:wandering_trader":3,"born_in_chaos_v1:decrepit_skeleton":2,"enemyexpansion:crawler":1,"born_in_chaos_v1:bloody_gadfly":1,"born_in_chaos_v1:dark_vortex":1,"enemyexpansion:huntsman":1,"tombstone:spectral_wolf":1,"minecraft:enderman":1,"enemyexpansion:slugger":27},"minecraft:broken":{"alexscaves:diving_helmet":1,"minecraft:iron_boots":1,"minecraft:iron_chestplate":1,"minecraft:iron_leggings":1,"quark:forgotten_hat":1,"alexsmobs:novelty_hat":1,"minecraft:stone_sword":1,"minecraft:leather_chestplate":1,"irons_spellbooks:wandering_magician_chestplate":1,"minecraft:iron_pickaxe":1,"minecraft:iron_helmet":1,"minecraft:golden_pickaxe":1,"minecraft:turtle_helmet":1,"magistuarmory:rustedchainmail_leggings":1,"alexsmobs:roadrunner_boots":1},"minecraft:mined":{"miners_delight:wild_cave_carrots":1,"create:deepslate_zinc_ore":5,"minecraft:sculk_vein":20,"minecraft:red_nether_bricks":1,"create:lime_seat":4,"minecraft:spruce_trapdoor":15,"minecraft:budding_amethyst":1,"minecraft:deepslate_tile_wall":2,"minecraft:grass_block":6,"minecraft:coal_block":1,"minecraft:deepslate_bricks":6,"minecraft:chiseled_stone_bricks":3,"realmrpg_skeletons:dungeon_crawler_skeleton":1,"minecraft:spawner":103,"supplementaries:daub_frame":2,"minecraft:magma_block":3,"minecraft:mossy_cobblestone_stairs":5,"minecraft:iron_ore":26,"minecraft:barrel":5,"minecraft:cobbled_deepslate":15,"minecraft:fire":9,"quark:glowberry_sack":1,"minecraft:moss_carpet":1,"ancient_elements:tin_ore":10,"minecraft:deepslate_lapis_ore":8,"minecraft:anvil":4,"minecraft:nether_brick_stairs":2,"create:asurine":11,"minecraft:sculk_shrieker":17,"minecraft:iron_bars":30,"regions_unexplored:silt_grass_block":1,"create:veridium":16,"sophisticatedbackpacks:copper_backpack":1,"create:limestone":17,"supplementaries:trapped_present_green":3,"minecraft:deepslate_redstone_ore":6,"quark:blossom_bookshelf":2,"minecraft:quartz_block":15,"lootr:lootr_chest":118,"minecraft:red_bed":1,"minecraft:torch":1,"minecraft:potted_jungle_sapling":1,"minecraft:calcite":137,"minecraft:chest":2,"create:scoria":51,"quark:flowering_azalea_leaf_carpet":8,"ancient_elements:deepslate_tin_ore":11,"minecraft:cobblestone":81,"minecraft:oak_planks":5,"bosses_of_mass_destruction:vine_wall":2,"ancient_elements:deepslate_steel_ore":4,"minecraft:amethyst_block":10,"minecraft:cauldron":1,"minecraft:deepslate_copper_ore":1,"supplementaries:trapped_present_blue":1,"quark:mangrove_bookshelf":3,"minecraft:nether_wart_block":1,"minecraft:tnt":1,"minecraft:magenta_bed":1,"minecraft:stone_brick_stairs":1,"minecraft:grass":1,"minecraft:cracked_deepslate_tiles":3,"minecraft:dirt":171,"minecraft:smooth_basalt":40,"minecraft:tripwire_hook":1,"minecraft:netherrack":4,"create:crimsite":27,"minecraft:emerald_block":1,"minecraft:deepslate":3497,"create:zinc_ore":7,"minecraft:deepslate_tiles":5,"minecraft:diamond_ore":1,"minecraft:crying_obsidian":1,"minecraft:tuff":436,"iceandfire:silver_ore":7,"minecraft:mossy_cobblestone":27,"ancient_elements:lead_ore":15,"minecraft:deepslate_diamond_ore":87,"quark:shale":67,"minecraft:candle":1,"iceandfire:frozen_cobblestone":2,"born_in_chaos_v1:infected_diamond_ore":2,"minecraft:nether_bricks":12,"born_in_chaos_v1:black_argillite":16,"create:ochrum":5,"regions_unexplored:maple_leaves":2,"minecraft:moss_block":7,"create:polished_cut_deepslate_slab":2,"minecraft:redstone_ore":2,"minecraft:acacia_trapdoor":1,"bosses_of_mass_destruction:void_blossom":4,"minecraft:snow":1,"minecraft:chiseled_deepslate":1,"minecraft:andesite":38,"minecraft:stripped_spruce_log":2,"evilcraft:dark_ore":2,"regions_unexplored:frozen_grass":2,"create:orange_seat":3,"minecraft:mossy_stone_brick_stairs":3,"minecraft:cobblestone_slab":1,"minecraft:deepslate_iron_ore":10,"minecraft:vine":6,"ancient_elements:palladium_ore":4,"minecraft:packed_ice":4,"regions_unexplored:ash_vent":3,"ars_nouveau:rune":1,"minecraft:stone":7831,"ancient_elements:deepslate_lead_ore":2,"ancient_elements:steel_ore":6,"minecraft:redstone_block":1,"lootr:lootr_barrel":151,"minecraft:snow_block":11,"minecraft:basalt":142,"create_new_age:magnetite_block":10,"supplementaries:candle_holder_green":1,"minecraft:crafting_table":1,"minecraft:emerald_ore":2,"regions_unexplored:volcanic_ash":17,"regions_unexplored:silt_dirt":3,"minecraft:sculk_sensor":7,"minecraft:stone_slab":2,"supplementaries:sack":1,"minecraft:copper_ore":33,"minecraft:tall_grass":1,"minecraft:lapis_ore":10,"minecraft:deepslate_gold_ore":17,"minecraft:sculk":181,"minecraft:diorite":191,"supplementaries:urn":4,"minecraft:spruce_stairs":5,"minecraft:gray_wool":3,"supplementaries:trapped_present_light_gray":1,"minecraft:coarse_dirt":1,"minecraft:cobblestone_wall":1,"quark:dark_oak_leaf_carpet":14,"minecraft:polished_blackstone_slab":1,"minecraft:ice":24,"supplementaries:trapped_present_lime":1,"ars_nouveau:mage_block":4,"minecraft:coal_ore":50,"minecraft:gravel":92,"minecraft:dripstone_block":8,"minecraft:cobweb":3,"minecraft:gray_carpet":1,"minecraft:cracked_stone_bricks":18,"supplementaries:trapped_present_red":2,"evilcraft:bloody_cobblestone":71,"minecraft:stone_bricks":42,"minecraft:mossy_stone_bricks":25,"minecraft:gold_ore":6,"minecraft:infested_stone":7},"minecraft:dropped":{"minecraft:gold_ore":2,"minecraft:iron_sword":1,"iceandfire:raw_silver":1,"minecraft:moss_block":4,"irons_spellbooks:concentration_amulet":1,"simplyswords:iron_glaive":1,"minecraft:emerald_ore":1,"minecraft:glass_bottle":5,"croptopia:hops_seed":2,"twilightforest:cooked_meef":1,"tombstone:tablet_of_assistance":3,"ancient_elements:raw_lead":6,"minecraft:flint":2,"born_in_chaos_v1:monster_flesh":1,"minecraft:dirt":23,"minecraft:red_bed":1,"miners_delight:gossypium":1,"minecraft:cracked_deepslate_tiles":3,"minecraft:iron_pickaxe":1,"minecraft:bone":43,"magistuarmory:rustedchainmail_leggings":1,"minecraft:gravel":8,"minecraft:iron_nugget":2,"minecraft:cobbled_deepslate":598,"relics:solid_snowball":3,"minecraft:wheat":1,"minecraft:obsidian":6,"minecraft:rotten_flesh":63,"minecraft:oak_planks":2,"evilcraft:flesh_humanoid":18,"minecraft:chiseled_deepslate":1,"ancient_elements:raw_tin":1,"minecraft:chainmail_chestplate":3,"minecraft:leather_chestplate":1,"supplementaries:ash":4,"minecraft:deepslate_tiles":2,"minecraft:gunpowder":9,"minecraft:coal_ore":4,"apotheosis:gem":2,"minecraft:chest":8,"croptopia:broccoli_seed":1,"minecraft:quartz_block":2,"born_in_chaos_v1:corpse_maggot":19,"minecraft:leather_boots":4,"minecraft:leather_leggings":1,"create:zinc_ore":8,"minecraft:basalt":8,"minecraft:iron_ore":3,"minecraft:iron_bars":2,"minecraft:arrow":13,"alexscaves:primordial_helmet":1,"magistuarmory:rustedchainmail_boots":2,"minecraft:written_book":1,"minecraft:enchanted_book":1,"minecraft:bread":7,"croptopia:turnip_seed":3,"minecraft:wheat_seeds":3,"minecraft:mossy_cobblestone":2,"quark:blossom_planks":4,"minecraft:knowledge_book":39,"minecraft:iron_helmet":1,"minecraft:cobblestone":480,"regions_unexplored:silver_birch_sapling":1,"simplyswords:flamewind":1,"minecraft:chainmail_helmet":4,"minecraft:acacia_trapdoor":1,"minecraft:coal":9,"quark:glass_item_frame":1,"magistuarmory:rustedcrusader_boots":1,"minecraft:diorite":81,"minecraft:sculk_catalyst":2,"tombstone:grave_key":1,"born_in_chaos_v1:fused_bone":1,"minecraft:lapis_ore":2,"minecraft:iron_leggings":1,"minecraft:mossy_cobblestone_stairs":1,"croptopia:turmeric_seed":2,"artifacts:rooted_boots":1,"minecraft:string":8,"tombstone:voodoo_poppet":1,"minecraft:gray_carpet":2,"ars_nouveau:caster_tome":1,"minecraft:dandelion":1,"iceandfire:dragonbone":3,"minecraft:smooth_basalt":2,"minecraft:redstone_ore":2,"minecraft:creeper_head":1,"minecraft:raw_copper":21,"artifacts:aqua_dashers":1,"minecraft:tuff":6,"minecraft:raw_iron":4,"born_in_chaos_v1:rotten_fish":5,"minecraft:iron_boots":1,"minecraft:stone_slab":2,"minecraft:stripped_oak_log":1,"iceandfire:dragon_skull_ice":4,"minecraft:cobblestone_slab":1,"minecraft:copper_ore":3,"regions_unexplored:ash_vent":1,"supplementaries:trapped_present_red":2,"minecraft:potato":1,"create_new_age:magnetite_block":2,"create:veridium":2,"miners_delight:bat_wing":1,"create:zinc_ingot":3,"minecraft:diamond_pickaxe":1,"minecraft:andesite":23,"born_in_chaos_v1:spiny_shell":3,"minecraft:golden_leggings":1,"artifacts:pocket_piston":1,"minecraft:barrel":46,"minecraft:stone_bricks":8,"minecraft:spider_eye":1,"minecraft:raw_gold":3},"minecraft:custom":{"lootr:looted_stat":508,"minecraft:interact_with_crafting_table":6,"minecraft:open_barrel":15,"minecraft:leave_game":14,"minecraft:time_since_death":2356,"minecraft:damage_resisted":466,"minecraft:sprint_one_cm":1120475,"minecraft:drop":278,"minecraft:talked_to_villager":7,"minecraft:play_time":514193,"minecraft:deaths":142,"minecraft:jump":5798,"minecraft:interact_with_brewingstand":1,"minecraft:walk_on_water_one_cm":27815,"minecraft:interact_with_furnace":1,"minecraft:interact_with_cartography_table":2,"tombstone:sneak_grave":1,"minecraft:damage_dealt":81232,"minecraft:player_kills":14,"minecraft:crouch_one_cm":125353,"tombstone:undead_killed":193,"tombstone:villager_killed":3,"minecraft:interact_with_anvil":7,"minecraft:mob_kills":418,"minecraft:damage_dealt_resisted":1778,"minecraft:climb_one_cm":6917,"minecraft:walk_one_cm":1083002,"minecraft:damage_dealt_absorbed":159,"minecraft:sneak_time":39078,"minecraft:walk_under_water_one_cm":20630,"minecraft:interact_with_blast_furnace":5,"minecraft:total_world_time":514193,"tombstone:raider_killed":1,"minecraft:pot_flower":1,"minecraft:time_since_rest":2222,"minecraft:damage_absorbed":616,"minecraft:damage_taken":52636,"tombstone:cast_on_ally":4,"minecraft:swim_one_cm":22181,"minecraft:fly_one_cm":868042,"minecraft:open_chest":14,"minecraft:aviate_one_cm":299,"minecraft:fall_one_cm":176843}},"DataVersion":3465}