{"stats":{"minecraft:crafted":{"regions_unexplored:maple_planks":27,"minecraft:iron_pickaxe":1,"quark:blossom_chest":10,"sophisticatedbackpacks:gold_backpack":8,"minecraft:oak_planks":4,"tombstone:grave_key":4,"minecraft:chest":10,"sophisticatedbackpacks:backpack":1,"quark:blossom_planks":22,"minecraft:crafting_table":4,"minecraft:diamond_pickaxe":1,"sophisticatedbackpacks:diamond_backpack":8,"minecraft:stick":4,"artifacts:eternal_steak":1,"minecraft:furnace":1,"sophisticatedbackpacks:iron_backpack":8,"alexsmobs:unsettling_kimono":1,"minecraft:air":224},"minecraft:dropped":{"minecraft:iron_sword":1,"iceandfire:raw_silver":1,"simplyswords:iron_glaive":1,"minecraft:emerald_ore":1,"minecraft:glass_bottle":5,"croptopia:hops_seed":2,"twilightforest:cooked_meef":1,"tombstone:tablet_of_assistance":3,"born_in_chaos_v1:monster_flesh":4,"minecraft:dirt":23,"minecraft:red_bed":1,"miners_delight:gossypium":1,"minecraft:cracked_deepslate_tiles":3,"minecraft:iron_pickaxe":1,"minecraft:bone":51,"magistuarmory:rustedchainmail_leggings":2,"minecraft:iron_nugget":2,"minecraft:cobbled_deepslate":974,"minecraft:wheat":1,"minecraft:obsidian":6,"minecraft:rotten_flesh":71,"minecraft:oak_planks":2,"evilcraft:flesh_humanoid":18,"minecraft:chiseled_deepslate":1,"iceandfire:sapphire_gem":1,"minecraft:deepslate_tiles":2,"minecraft:coal_ore":7,"croptopia:broccoli_seed":1,"minecraft:quartz_block":2,"minecraft:leather_boots":4,"apotheosis:gem":2,"minecraft:leather_leggings":2,"minecraft:spruce_slab":2,"minecraft:beef":1,"aquamirae:sharp_bones":1,"minecraft:enchanted_book":1,"minecraft:wheat_seeds":3,"minecraft:cobblestone":693,"minecraft:iron_helmet":1,"minecraft:knowledge_book":39,"minecraft:chainmail_helmet":4,"minecraft:coal":10,"magistuarmory:rustedcrusader_boots":1,"regions_unexplored:red_maple_sapling":1,"born_in_chaos_v1:black_argillite":1,"minecraft:lapis_ore":4,"croptopia:turmeric_seed":2,"minecraft:mossy_cobblestone_stairs":1,"minecraft:string":10,"tombstone:voodoo_poppet":1,"minecraft:gray_carpet":2,"minecraft:spruce_sapling":10,"ars_nouveau:caster_tome":1,"iceandfire:frozen_cobblestone":14,"iceandfire:silver_nugget":180,"minecraft:creeper_head":1,"minecraft:redstone_ore":7,"born_in_chaos_v1:rotten_fish":11,"minecraft:iron_boots":1,"iceandfire:dragon_skull_ice":6,"minecraft:stone_slab":2,"minecraft:diamond_ore":2,"minecraft:cobblestone_slab":1,"minecraft:potato":1,"create_new_age:magnetite_block":2,"aquamirae:fin":2,"miners_delight:bat_wing":1,"minecraft:spruce_planks":4,"create:zinc_ingot":3,"minecraft:diamond_pickaxe":1,"minecraft:barrel":53,"minecraft:stone_bricks":11,"minecraft:spider_eye":2,"minecraft:gold_ore":3,"minecraft:moss_block":4,"irons_spellbooks:concentration_amulet":1,"minecraft:oak_log":2,"iceandfire:ice_dragon_flesh":3,"minecraft:leather":1,"ancient_elements:raw_lead":8,"minecraft:cod":1,"minecraft:flint":2,"minecraft:gravel":12,"relics:solid_snowball":3,"regions_unexplored:maple_sapling":13,"iceandfire:frozen_stone":7,"ancient_elements:raw_tin":1,"minecraft:chainmail_chestplate":3,"minecraft:leather_chestplate":2,"supplementaries:ash":5,"minecraft:gunpowder":17,"born_in_chaos_v1:corpse_maggot":21,"minecraft:stone_brick_wall":1,"quark:forgotten_hat":1,"minecraft:chest":8,"minecraft:chainmail_boots":1,"create:zinc_ore":10,"minecraft:iron_ore":6,"minecraft:basalt":8,"minecraft:iron_bars":2,"minecraft:arrow":21,"alexscaves:primordial_helmet":1,"magistuarmory:rustedchainmail_boots":2,"minecraft:written_book":1,"minecraft:bread":7,"croptopia:turnip_seed":3,"minecraft:mossy_cobblestone":2,"quark:blossom_planks":4,"regions_unexplored:silver_birch_sapling":1,"evilcraft:dark_gem":12,"simplyswords:flamewind":1,"minecraft:acacia_trapdoor":1,"quark:glass_item_frame":1,"minecraft:stick":14,"minecraft:diorite":81,"minecraft:sculk_catalyst":2,"tombstone:grave_key":1,"born_in_chaos_v1:fused_bone":5,"minecraft:iron_leggings":1,"iceandfire:ice_dragon_heart":1,"artifacts:rooted_boots":1,"irons_spellbooks:frozen_bone":2,"minecraft:dandelion":1,"iceandfire:dragonbone":3,"minecraft:smooth_basalt":2,"minecraft:raw_copper":24,"artifacts:aqua_dashers":1,"minecraft:tuff":56,"minecraft:raw_iron":18,"minecraft:stripped_oak_log":1,"regions_unexplored:ash_vent":1,"supplementaries:trapped_present_red":2,"minecraft:copper_ore":3,"create:veridium":2,"minecraft:andesite":23,"born_in_chaos_v1:spiny_shell":3,"minecraft:mossy_stone_bricks":3,"minecraft:golden_leggings":3,"artifacts:pocket_piston":1,"minecraft:raw_gold":3},"minecraft:mined":{"minecraft:red_nether_bricks":1,"minecraft:deepslate_tile_wall":2,"minecraft:stone_brick_wall":1,"minecraft:deepslate_bricks":6,"minecraft:coal_block":1,"minecraft:chiseled_stone_bricks":3,"minecraft:spawner":111,"minecraft:magma_block":3,"regions_unexplored:stone_bud":1,"minecraft:mossy_cobblestone_stairs":5,"minecraft:cobbled_deepslate":15,"minecraft:fire":9,"minecraft:barrel":5,"minecraft:moss_carpet":1,"ancient_elements:tin_ore":18,"minecraft:deepslate_lapis_ore":9,"minecraft:nether_brick_stairs":2,"minecraft:sculk_shrieker":17,"create:veridium":16,"regions_unexplored:silt_grass_block":1,"create:limestone":48,"supplementaries:trapped_present_green":3,"minecraft:red_bed":1,"minecraft:torch":1,"minecraft:blast_furnace":2,"create:scoria":51,"quark:flowering_azalea_leaf_carpet":8,"minecraft:cyan_bed":1,"bosses_of_mass_destruction:vine_wall":2,"minecraft:amethyst_block":10,"supplementaries:trapped_present_blue":1,"minecraft:magenta_bed":2,"minecraft:stone_brick_stairs":1,"minecraft:grass":1,"minecraft:smooth_basalt":47,"minecraft:deepslate":4405,"create:zinc_ore":8,"minecraft:deepslate_tiles":5,"iceandfire:silver_ore":12,"minecraft:mossy_cobblestone":28,"quark:shale":67,"minecraft:nether_bricks":12,"minecraft:jungle_planks":1,"born_in_chaos_v1:black_argillite":34,"regions_unexplored:maple_leaves":2,"minecraft:moss_block":7,"minecraft:redstone_ore":2,"bosses_of_mass_destruction:void_blossom":4,"minecraft:acacia_trapdoor":1,"minecraft:snow":2,"minecraft:andesite":38,"minecraft:mossy_stone_brick_stairs":3,"minecraft:vine":6,"minecraft:cobblestone_slab":1,"regions_unexplored:ash_vent":3,"ars_nouveau:rune":1,"minecraft:smithing_table":1,"ancient_elements:steel_ore":9,"minecraft:redstone_block":1,"lootr:lootr_barrel":203,"create_new_age:magnetite_block":16,"supplementaries:candle_holder_green":1,"minecraft:emerald_ore":2,"regions_unexplored:volcanic_ash":17,"regions_unexplored:silt_dirt":3,"minecraft:tall_grass":1,"minecraft:copper_ore":41,"minecraft:deepslate_gold_ore":24,"minecraft:diorite":191,"minecraft:coarse_dirt":1,"minecraft:cobblestone_wall":1,"minecraft:spruce_log":17,"supplementaries:trapped_present_lime":1,"ars_nouveau:mage_block":4,"minecraft:gravel":106,"minecraft:dripstone_block":8,"minecraft:cobweb":3,"supplementaries:trapped_present_red":2,"minecraft:stone_bricks":70,"minecraft:gold_ore":6,"minecraft:infested_stone":14,"miners_delight:wild_cave_carrots":1,"create:deepslate_zinc_ore":6,"minecraft:spruce_planks":5,"regions_unexplored:maple_log":27,"minecraft:sculk_vein":22,"create:lime_seat":4,"minecraft:spruce_trapdoor":15,"minecraft:budding_amethyst":1,"minecraft:grass_block":6,"realmrpg_skeletons:dungeon_crawler_skeleton":1,"supplementaries:daub_frame":2,"minecraft:iron_ore":47,"regions_unexplored:mossy_stone":3,"quark:glowberry_sack":1,"minecraft:anvil":4,"create:asurine":11,"minecraft:iron_bars":30,"sophisticatedbackpacks:copper_backpack":1,"minecraft:spruce_slab":2,"minecraft:deepslate_redstone_ore":12,"quark:blossom_bookshelf":2,"minecraft:quartz_block":15,"lootr:lootr_chest":147,"iceandfire:dragon_ice_spikes":2,"minecraft:potted_jungle_sapling":1,"minecraft:calcite":138,"minecraft:chest":2,"ancient_elements:deepslate_tin_ore":14,"minecraft:cobblestone":95,"minecraft:oak_planks":5,"ancient_elements:deepslate_steel_ore":4,"minecraft:cauldron":1,"minecraft:deepslate_copper_ore":1,"quark:mangrove_bookshelf":3,"minecraft:nether_wart_block":1,"evilcraft:dark_ore_deepslate":1,"minecraft:tnt":1,"minecraft:cracked_deepslate_tiles":3,"minecraft:dirt":228,"minecraft:tripwire_hook":1,"minecraft:netherrack":4,"create:crimsite":50,"minecraft:emerald_block":1,"minecraft:diamond_ore":1,"minecraft:crying_obsidian":1,"minecraft:tuff":570,"ancient_elements:lead_ore":15,"minecraft:deepslate_diamond_ore":87,"minecraft:candle":1,"iceandfire:frozen_cobblestone":19,"born_in_chaos_v1:infected_diamond_ore":7,"iceandfire:frozen_stone":10,"create:ochrum":5,"create:polished_cut_deepslate_slab":2,"minecraft:stripped_spruce_log":2,"minecraft:chiseled_deepslate":1,"evilcraft:dark_ore":3,"regions_unexplored:frozen_grass":2,"create:orange_seat":3,"minecraft:deepslate_iron_ore":10,"ancient_elements:palladium_ore":6,"minecraft:packed_ice":4,"minecraft:stone":11283,"ancient_elements:deepslate_lead_ore":2,"minecraft:snow_block":14,"minecraft:basalt":142,"minecraft:polished_granite":2,"minecraft:crafting_table":1,"minecraft:oak_wood":8,"minecraft:sculk_sensor":7,"minecraft:stone_slab":2,"supplementaries:sack":1,"minecraft:lapis_ore":11,"minecraft:sculk":202,"supplementaries:urn":4,"minecraft:spruce_stairs":5,"minecraft:gray_wool":3,"supplementaries:trapped_present_light_gray":1,"minecraft:brick_slab":1,"quark:dark_oak_leaf_carpet":14,"minecraft:polished_blackstone_slab":1,"minecraft:ice":51,"minecraft:gray_bed":1,"minecraft:coal_ore":75,"minecraft:gray_carpet":1,"minecraft:cracked_stone_bricks":19,"evilcraft:bloody_cobblestone":71,"minecraft:mossy_stone_bricks":27},"minecraft:killed":{"minecraft:cave_spider":7,"born_in_chaos_v1:zombie_lumberjack":1,"born_in_chaos_v1:restless_spirit":2,"born_in_chaos_v1:skeleton_demoman":1,"born_in_chaos_v1:siamese_skeletonsright":3,"minecraft:skeleton":58,"minecraft:chicken":2,"born_in_chaos_v1:skeleton_thrasher":1,"creeperoverhaul:cave_creeper":1,"enemyexpansion:vampflyer":1,"minecraft:magma_cube":3,"alexscaves:gammaroach":1,"born_in_chaos_v1:bone_imp":1,"ars_nouveau:dummy":2,"enemyexpansion:meature":1,"minecraft:zombie":69,"born_in_chaos_v1:corpse_fly":11,"enemyexpansion:botfly":25,"born_in_chaos_v1:door_knight":1,"minecraft:cow":2,"enemyexpansion:trollenraged":1,"enemyexpansion:goblin_fear":1,"born_in_chaos_v1:dire_hound_leader":1,"enemyexpansion:faller":2,"enemyexpansion:silverqueen":1,"minecraft:snow_golem":1,"minecraft:warden":3,"minecraft:husk":9,"naturalist:bear":1,"enemyexpansion:sprinter":4,"minecraft:wandering_trader":3,"born_in_chaos_v1:decrepit_skeleton":2,"born_in_chaos_v1:bloody_gadfly":1,"born_in_chaos_v1:dark_vortex":1,"iceandfire:ice_dragon":1,"minecraft:enderman":2,"born_in_chaos_v1:zombie_clown":2,"minecraft:witch":1,"minecraft:spider":23,"alexsmobs:snow_leopard":1,"quark:forgotten":2,"minecraft:silverfish":15,"artifacts:mimic":34,"twilightforest:minotaur":1,"born_in_chaos_v1:diamond_termite":11,"irons_spellbooks:necromancer":2,"minecraft:creeper":5,"born_in_chaos_v1:zombie_fisherman":2,"born_in_chaos_v1:dread_hound":9,"minecraft:stray":21,"enemyexpansion:wasp":1,"born_in_chaos_v1:siamese_skeletonsleft":3,"minecraft:vex":11,"enemyexpansion:intruder":2,"enemyexpansion:direwolf":20,"born_in_chaos_v1:zombie_bruiser":3,"born_in_chaos_v1:maggot":42,"born_in_chaos_v1:corpse_fish":10,"enemyexpansion:goblin":1,"born_in_chaos_v1:siamese_skeletons":1,"born_in_chaos_v1:fallen_chaos_knight":1,"aquamirae:maw":3,"born_in_chaos_v1:baby_skeleton":4,"born_in_chaos_v1:swarmer":1,"ancient_elements:aetherial_glaze":2,"minecraft:bat":5,"enemyexpansion:crawler":1,"enemyexpansion:huntsman":1,"tombstone:spectral_wolf":1,"minecraft:villager":1,"enemyexpansion:slugger":31},"minecraft:picked_up":{"minecraft:flower_pot":1,"minecraft:anvil":5,"minecraft:stone_slab":2,"regions_unexplored:silt_dirt":4,"minecraft:knowledge_book":9,"minecraft:string":24,"irons_spellbooks:graybeard_staff":1,"minecraft:red_nether_bricks":1,"minecraft:cobbled_deepslate":2314,"bosses_of_mass_destruction:soul_star":1,"minecraft:spruce_planks":5,"minecraft:written_book":2,"minecraft:netherite_upgrade_smithing_template":1,"aquamirae:terrible_helmet":1,"aquamirae:terrible_boots":2,"minecraft:diamond_ore":26,"artifacts:universal_attractor":2,"born_in_chaos_v1:pileof_dark_metal":1,"simplyswords:dormant_relic":1,"minecraft:cauldron":1,"minecraft:zombie_spawn_egg":1,"minecraft:stone_sword":2,"artifacts:lucky_scarf":2,"create:ochrum":1,"minecraft:tadpole_bucket":1,"supplementaries:ash":10,"quark:dark_oak_leaf_carpet":14,"minecraft:iron_bars":25,"minecraft:snowball":80,"iceandfire:sapphire_gem":1,"minecraft:feather":2,"magistuarmory:rustedchainmail_boots":4,"artifacts:thorn_pendant":1,"ancient_elements:raw_lead":8,"minecraft:flint":64,"artifacts:flippers":1,"aquamirae:fin":4,"supplementaries:daub_frame":2,"artifacts:antidote_vessel":1,"minecraft:moss_block":3,"aquamirae:terrible_sword":1,"ancient_elements:aero_charge":4,"miners_delight:gossypium":1,"minecraft:stripped_spruce_log":1,"create:polished_cut_deepslate_slab":2,"minecraft:dark_oak_log":3,"minecraft:trapped_chest":1,"create:honeyed_apple":1,"minecraft:barrel":80,"minecraft:bundle":2,"artifacts:crystal_heart":1,"minecraft:bread":4,"minecraft:chainmail_helmet":2,"born_in_chaos_v1:rotten_fish":10,"iceandfire:raw_silver":6,"minecraft:diamond_pickaxe":1,"minecraft:crafting_table":1,"twilightforest:cooked_meef":1,"born_in_chaos_v1:seedof_chaos":1,"minecraft:leather_leggings":2,"aquamirae:sharp_bones":2,"minecraft:red_bed":1,"artifacts:power_glove":2,"create:orange_seat":3,"born_in_chaos_v1:intoxicating_decoction":3,"minecraft:cracked_stone_bricks":5,"minecraft:beef":1,"minecraft:iron_nugget":2,"minecraft:jungle_sapling":1,"minecraft:spruce_slab":2,"supplementaries:trapped_present_blue":1,"aquamirae:remnants_saber":1,"minecraft:chest":38,"minecraft:egg":1,"minecraft:copper_ore":15,"artifacts:charm_of_sinking":1,"alexscaves:primordial_helmet":1,"quark:slime_in_a_bucket":1,"born_in_chaos_v1:pieceofdarkmetal":2,"minecraft:redstone":7,"iceandfire:dragon_skull_ice":6,"artifacts:everlasting_beef":1,"iceandfire:dragonscales_silver":85,"minecraft:deepslate_bricks":3,"minecraft:gold_ingot":42,"artifacts:pocket_piston":1,"sophisticatedbackpacks:copper_backpack":1,"minecraft:emerald_ore":16,"minecraft:stripped_oak_log":1,"minecraft:lapis_ore":17,"magistuarmory:rustedhalfarmor_chestplate":1,"minecraft:tripwire_hook":1,"born_in_chaos_v1:monster_flesh":4,"minecraft:oak_log":2,"regions_unexplored:red_maple_sapling":1,"minecraft:spawner":1,"minecraft:stone_bricks":34,"aquamirae:terrible_leggings":1,"minecraft:iron_ore":27,"minecraft:glass_bottle":1,"minecraft:iron_sword":1,"regions_unexplored:silver_birch_sapling":1,"minecraft:smooth_basalt":2,"born_in_chaos_v1:ethereal_spirit":2,"minecraft:gravel":11,"minecraft:spruce_sapling":10,"minecraft:spruce_log":17,"magistuarmory:rustedchainmail_leggings":3,"minecraft:oak_wood":7,"minecraft:coal_ore":19,"minecraft:diamond_axe":1,"minecraft:redstone_ore":21,"minecraft:gray_wool":3,"iceandfire:ice_dragon_flesh":3,"minecraft:chiseled_deepslate":1,"minecraft:wheat":1,"quark:flowering_azalea_leaf_carpet":8,"quark:music_disc_drips":1,"ancient_elements:palladium_drill":1,"minecraft:potion":3,"tombstone:grave_key":1,"create:lime_seat":3,"born_in_chaos_v1:black_argillite":10,"evilcraft:ender_tear":1,"minecraft:raw_copper":34,"irons_spellbooks:arcane_essence":2,"minecraft:deepslate_tiles":3,"minecraft:bucket":1,"artifacts:aqua_dashers":3,"irons_spellbooks:wandering_magician_chestplate":1,"minecraft:cobblestone_slab":1,"minecraft:iron_pickaxe":1,"minecraft:iron_boots":1,"minecraft:furnace":1,"minecraft:tipped_arrow":6,"minecraft:stick":21,"apotheosis:gem":20,"alexscaves:limestone_spear":1,"miners_delight:silverfish_eggs":3,"minecraft:oak_fence":3,"minecraft:torch":3,"minecraft:spruce_stairs":5,"alexsmobs:lobster_bucket":1,"minecraft:snow_block":13,"minecraft:diorite":187,"tombstone:grave_dust":20,"quark:blossom_planks":4,"minecraft:quartz_block":5,"minecraft:rotten_flesh":103,"create:veridium":2,"artifacts:panic_necklace":2,"minecraft:cod":1,"minecraft:cobblestone":3532,"minecraft:leather_chestplate":3,"minecraft:andesite":24,"minecraft:golden_leggings":3,"minecraft:potato":2,"minecraft:tuff":143,"create:raw_zinc":1,"evilcraft:flesh_humanoid":7,"quark:glowberry_sack":1,"simplyswords:flamewind":1,"minecraft:lapis_lazuli":44,"minecraft:dirt":79,"born_in_chaos_v1:monster_skin":1,"minecraft:leather_boots":3,"minecraft:bone":69,"evilcraft:bloody_cobblestone":64,"minecraft:bow":3,"minecraft:wheat_seeds":3,"alexscaves:toxic_paste":1,"minecraft:raw_gold":25,"create_new_age:magnetite_block":4,"minecraft:mossy_stone_bricks":9,"minecraft:oak_planks":3,"supplementaries:trapped_present_lime":1,"irons_spellbooks:frozen_bone":46,"quark:shale":17,"minecraft:jungle_planks":1,"minecraft:nether_brick_stairs":2,"minecraft:mossy_cobblestone":19,"artifacts:plastic_drinking_hat":1,"minecraft:diamond":248,"croptopia:hops_seed":2,"artifacts:golden_hook":2,"magistuarmory:corruptedroundshield":2,"minecraft:emerald":5,"minecraft:netherrack":2,"iceandfire:silver_nugget":126,"born_in_chaos_v1:diamond_termite_shard":4,"minecraft:chicken":2,"minecraft:stone_brick_wall":1,"iceandfire:frozen_cobblestone":14,"iceandfire:frozen_stone":7,"minecraft:moss_carpet":1,"artifacts:feral_claws":2,"artifacts:fire_gauntlet":2,"create:zinc_ore":25,"minecraft:spruce_trapdoor":15,"iceandfire:ice_dragon_heart":1,"minecraft:raw_iron":44,"iceandfire:dragonbone":89,"regions_unexplored:ash_vent":2,"supplementaries:trapped_present_light_gray":1,"minecraft:copper_ingot":71,"artifacts:vampiric_glove":2,"magistuarmory:rustedkettlehat":1,"ancient_elements:raw_tin":29,"supplementaries:trapped_present_green":2,"supplementaries:candle_holder_green":4,"create:zinc_ingot":6,"minecraft:arrow":71,"regions_unexplored:maple_sapling":13,"minecraft:nether_bricks":1,"relics:solid_snowball":2,"artifacts:running_shoes":1,"miners_delight:bat_wing":1,"minecraft:cracked_deepslate_tiles":4,"born_in_chaos_v1:fused_bone":8,"born_in_chaos_v1:corpse_maggot":26,"minecraft:air":0,"minecraft:basalt":68,"artifacts:novelty_drinking_hat":1,"artifacts:digging_claws":2,"minecraft:leather":1,"minecraft:chainmail_chestplate":4,"minecraft:gunpowder":11,"minecraft:nether_wart_block":1,"minecraft:cobblestone_wall":1,"artifacts:cloud_in_a_bottle":1,"quark:forgotten_hat":2,"apotheosis:warden_tendril":3,"minecraft:gray_carpet":2,"minecraft:acacia_trapdoor":2,"minecraft:iron_ingot":30,"artifacts:kitty_slippers":1,"minecraft:sculk_catalyst":2,"minecraft:book":15,"artifacts:obsidian_skull":2,"minecraft:emerald_block":1,"magistuarmory:rustedchainmail_chestplate":3,"supplementaries:sack":1,"minecraft:chiseled_stone_bricks":1,"quark:glass_item_frame":2,"minecraft:dandelion":1,"minecraft:raw_iron_block":1,"apotheosis:uncommon_material":5,"minecraft:gold_ore":14,"minecraft:spider_eye":3,"magistuarmory:rusted_bastardsword":1,"magistuarmory:rustedcrusader_boots":2,"evilcraft:dark_gem":17,"minecraft:iron_helmet":1,"regions_unexplored:maple_log":27,"minecraft:mossy_cobblestone_stairs":1,"alexscaves:primordial_tunic":1,"tombstone:magic_scroll":5,"quark:orange_blossom_leaf_carpet":3,"supplementaries:trapped_present_red":4,"minecraft:coal":90},"minecraft:used":{"sophisticatedbackpacks:copper_backpack":1,"minecraft:chest":14,"minecraft:rotten_flesh":1,"minecraft:snowball":26,"minecraft:stripped_spruce_log":1,"simplyswords:runic_chakram":43,"minecraft:furnace":1,"minecraft:egg":1,"minecraft:emerald_ore":3,"minecraft:mossy_stone_bricks":1,"simplyswords:iron_rapier":119,"minecraft:acacia_trapdoor":1,"artifacts:eternal_steak":7,"tombstone:scroll_of_true_sight":3,"minecraft:golden_apple":25,"simplyswords:flamewind":30,"supplementaries:candle_holder_green":4,"minecraft:diamond_ore":1,"minecraft:diamond_sword":274,"simplyswords:iron_glaive":4,"simplyswords:toxic_longsword":178,"tombstone:scroll_of_lightning_resistance":3,"minecraft:stone_sword":181,"tombstone:scroll_of_frost_resistance":1,"minecraft:torch":49,"minecraft:anvil":4,"minecraft:iron_axe":321,"alexscaves:primordial_helmet":1,"minecraft:barrel":2,"minecraft:tadpole_bucket":1,"minecraft:basalt":4,"artifacts:everlasting_beef":11,"tombstone:gift":6,"minecraft:cobbled_deepslate":124,"minecraft:knowledge_book":107,"simplyswords:slumbering_lichblade":531,"minecraft:gold_ore":2,"minecraft:crafting_table":5,"minecraft:diamond_pickaxe":18267,"tombstone:tablet_of_assistance":7,"minecraft:iron_pickaxe":575,"tombstone:magic_scroll":4,"alexsmobs:tendon_whip":6,"quark:slime_in_a_bucket":4,"minecraft:cobblestone":390,"minecraft:potion":8,"minecraft:diamond_leggings":1,"tombstone:scroll_of_unstable_intangibility":9,"minecraft:iron_sword":3,"tombstone:scroll_of_purification":1,"minecraft:carrot":1,"minecraft:tuff":14,"create:polished_cut_deepslate_slab":2,"tombstone:tablet_of_cupidity":7,"simplyswords:dormant_relic":164,"miners_delight:copper_carrot":1,"minecraft:diamond_axe":84,"minecraft:bread":2,"tombstone:grave_key":139,"create:honeyed_apple":1,"tombstone:familiar_stone":2,"minecraft:andesite":1,"minecraft:golden_pickaxe":9,"minecraft:trident":1,"minecraft:flint_and_steel":13,"regions_unexplored:maple_planks":1,"minecraft:dirt":24,"alexscaves:limestone_spear":5,"evilcraft:box_of_eternal_closure":1,"minecraft:magma_cube_spawn_egg":2,"quark:glowberry_sack":1,"alexsmobs:lobster_bucket":1,"alexsmobs:novelty_hat":1,"minecraft:cooked_beef":2,"minecraft:enchanted_golden_apple":3,"tombstone:scroll_of_mercy":4,"minecraft:baked_potato":2,"tombstone:scroll_of_feather_fall":2,"simplyswords:iron_twinblade":86,"tombstone:bag_of_seeds":1,"minecraft:bucket":2,"simplyswords:runic_scythe":102},"minecraft:broken":{"aquamirae:terrible_helmet":1,"alexsmobs:unsettling_kimono":1,"minecraft:iron_boots":2,"minecraft:iron_chestplate":1,"minecraft:iron_leggings":1,"quark:forgotten_hat":1,"minecraft:stone_sword":1,"irons_spellbooks:wandering_magician_chestplate":1,"aquamirae:terrible_boots":1,"minecraft:iron_axe":1,"minecraft:iron_pickaxe":1,"minecraft:iron_helmet":1,"minecraft:turtle_helmet":1,"magistuarmory:rustedchainmail_leggings":1,"alexsmobs:roadrunner_boots":1,"alexscaves:diving_helmet":1,"alexsmobs:novelty_hat":1,"minecraft:leather_chestplate":1,"minecraft:golden_pickaxe":1},"minecraft:custom":{"minecraft:interact_with_crafting_table":17,"minecraft:open_barrel":17,"minecraft:leave_game":15,"minecraft:time_since_death":9091,"minecraft:play_time":660956,"minecraft:deaths":161,"minecraft:jump":7248,"minecraft:enchant_item":4,"minecraft:interact_with_furnace":2,"minecraft:interact_with_cartography_table":2,"minecraft:sleep_in_bed":2,"tombstone:sneak_grave":1,"minecraft:damage_dealt":108776,"tombstone:undead_killed":227,"minecraft:interact_with_anvil":7,"minecraft:damage_dealt_absorbed":159,"minecraft:sneak_time":42516,"minecraft:interact_with_blast_furnace":5,"minecraft:total_world_time":660956,"tombstone:raider_killed":1,"minecraft:time_since_rest":8331,"tombstone:cast_on_ally":4,"minecraft:swim_one_cm":83631,"minecraft:fly_one_cm":1099219,"minecraft:open_chest":14,"minecraft:fall_one_cm":239549,"lootr:looted_stat":603,"minecraft:damage_resisted":1011,"minecraft:sprint_one_cm":1441003,"minecraft:drop":387,"minecraft:talked_to_villager":8,"minecraft:interact_with_brewingstand":1,"minecraft:walk_on_water_one_cm":55819,"minecraft:player_kills":23,"minecraft:crouch_one_cm":129752,"tombstone:villager_killed":4,"minecraft:mob_kills":521,"minecraft:damage_dealt_resisted":3787,"minecraft:climb_one_cm":6917,"minecraft:walk_one_cm":1297881,"minecraft:walk_under_water_one_cm":43536,"minecraft:pot_flower":1,"minecraft:interact_with_grindstone":4,"minecraft:damage_taken":65242,"minecraft:damage_absorbed":1454,"minecraft:aviate_one_cm":299},"minecraft:killed_by":{"enemyexpansion:slugger":8,"born_in_chaos_v1:baby_skeleton":1,"enemyexpansion:huntsman":2,"twilightforest:minotaur":2,"minecraft:zombie":4,"minecraft:vex":1,"minecraft:stray":11,"minecraft:warden":61,"enemyexpansion:direwolf":1,"minecraft:creeper":3,"born_in_chaos_v1:zombie_bruiser":1,"enemyexpansion:sprinter":2,"iceandfire:ice_dragon":14,"artifacts:mimic":3,"minecraft:player":2,"aquamirae:maw":1,"enemyexpansion:equestrian":1,"bosses_of_mass_destruction:void_blossom":4,"born_in_chaos_v1:fallen_chaos_knight":3,"minecraft:skeleton":18,"born_in_chaos_v1:missioner":1,"iceandfire:troll":1}},"DataVersion":3465}