{"stats":{"minecraft:custom":{"lootr:looted_stat":112,"minecraft:mob_kills":38,"minecraft:interact_with_crafting_table":8,"minecraft:open_barrel":33,"minecraft:damage_dealt_resisted":7,"minecraft:leave_game":4,"minecraft:time_since_death":2562,"minecraft:climb_one_cm":26401,"minecraft:damage_resisted":5,"minecraft:sprint_one_cm":418542,"minecraft:walk_one_cm":258589,"minecraft:drop":86,"minecraft:talked_to_villager":1,"minecraft:play_time":169031,"minecraft:deaths":35,"minecraft:sneak_time":1537,"minecraft:walk_under_water_one_cm":12041,"minecraft:interact_with_lectern":1,"minecraft:jump":3705,"minecraft:walk_on_water_one_cm":24869,"minecraft:total_world_time":169031,"minecraft:traded_with_villager":1,"minecraft:sleep_in_bed":3,"minecraft:time_since_rest":2388,"minecraft:damage_taken":10913,"minecraft:minecart_one_cm":17,"minecraft:damage_dealt":8798,"minecraft:swim_one_cm":39482,"minecraft:fly_one_cm":895111,"minecraft:player_kills":5,"minecraft:open_chest":9,"minecraft:crouch_one_cm":3157,"tombstone:undead_killed":7,"minecraft:fall_one_cm":109639,"minecraft:horse_one_cm":532},"minecraft:picked_up":{"minecraft:oak_stairs":2,"minecraft:gold_block":1,"minecraft:enchanted_book":1,"iceandfire:myrmex_jungle_chitin":1,"minecraft:knowledge_book":3,"minecraft:string":16,"minecraft:wooden_sword":1,"minecraft:item_frame":6,"quark:bonded_leather":1,"create:cut_crimsite_slab":1,"minecraft:cobbled_deepslate":1,"minecraft:jungle_sapling":1,"minecraft:spruce_slab":2,"minecraft:iron_pickaxe":1,"regions_unexplored:redwood_planks":8,"irons_spellbooks:inscription_table":1,"iceandfire:ice_dragon_heart":1,"regions_unexplored:redwood_log":718,"regions_unexplored:duckweed":2,"quark:obsidian_pressure_plate":7,"quark:jasper_vertical_slab":1,"minecraft:stick":83,"minecraft:raw_iron":7,"iceandfire:dragonbone":42,"apotheosis:gem":16,"naturalist:duck":2,"minecraft:glow_item_frame":1,"minecraft:copper_ingot":1,"quark:jasper_bricks_stairs":1,"minecraft:sandstone_wall":3,"tombstone:grave_dust":1,"born_in_chaos_v1:pieceofdarkmetal":2,"iceandfire:dragon_skull_ice":1,"minecraft:arrow":3,"minecraft:rotten_flesh":12,"crittersandcompanions:silk":5,"minecraft:iron_block":2,"minecraft:snowball":2,"minecraft:rail":2,"minecraft:cobblestone":3,"minecraft:furnace_minecart":1,"born_in_chaos_v1:corpse_maggot":1,"minecraft:air":0,"minecraft:feather":1,"born_in_chaos_v1:monster_flesh":1,"minecraft:tripwire_hook":2,"minecraft:jungle_log":18,"minecraft:black_bed":3,"minecraft:acacia_wood":1,"minecraft:birch_planks":2,"minecraft:dirt":6,"minecraft:lantern":2,"minecraft:smooth_sandstone":16,"minecraft:bone":4,"minecraft:wheat_seeds":4,"minecraft:cobbled_deepslate_slab":2,"regions_unexplored:redwood_sapling":100,"regions_unexplored:pink_bioshroom":1,"create:cut_deepslate":1,"minecraft:stripped_oak_wood":5,"quark:soul_bead":1,"minecraft:glass_bottle":2,"minecraft:moss_block":1,"minecraft:iron_sword":1,"minecraft:oak_planks":6,"minecraft:oak_slab":2,"iceandfire:copper_nugget":4,"minecraft:dark_oak_slab":1,"iceandfire:dragonscales_sapphire":34,"iceandfire:dragon_skull_fire":1,"minecraft:chiseled_sandstone":2,"minecraft:spider_eye":3,"quark:gold_bars":1,"minecraft:infested_stone_bricks":17,"alexsmobs:raw_catfish":4,"minecraft:diamond":1,"iceandfire:ice_dragon_flesh":2,"minecraft:emerald":5,"minecraft:oak_sapling":2,"minecraft:dark_oak_fence":2,"iceandfire:silver_nugget":116,"minecraft:coal":25,"minecraft:ender_pearl":1},"minecraft:mined":{"minecraft:tuff":1,"minecraft:deepslate_diamond_ore":1,"alexsmobs:leafcutter_anthill":2,"minecraft:jungle_leaves":1,"minecraft:glow_lichen":1,"minecraft:dark_oak_fence":2,"minecraft:grass_block":2,"minecraft:jungle_log":11,"alexsmobs:leafcutter_ant_chamber":1,"minecraft:moss_block":1,"minecraft:spawner":5,"quark:bonded_leather":1,"realmrpg_skeletons:snow_skeleton":1,"minecraft:oak_trapdoor":2,"minecraft:acacia_wood":1,"minecraft:gold_block":1,"minecraft:vine":6,"minecraft:rail":2,"minecraft:oak_stairs":1,"create:polished_cut_andesite":2,"regions_unexplored:medium_grass":2,"irons_spellbooks:inscription_table":1,"minecraft:iron_block":3,"minecraft:stone":3,"regions_unexplored:redwood_log":615,"minecraft:spruce_slab":1,"minecraft:podzol":1,"lootr:lootr_barrel":1,"regions_unexplored:duckweed":1,"minecraft:blackstone_slab":2,"minecraft:emerald_ore":1,"create:cut_deepslate":1,"minecraft:tall_grass":15,"minecraft:oak_planks":1,"create:cuckoo_clock":1,"minecraft:chain":2,"minecraft:birch_planks":1,"minecraft:dark_oak_slab":1,"minecraft:polished_blackstone_slab":1,"minecraft:black_bed":3,"minecraft:grass":9,"regions_unexplored:palm_log":21,"minecraft:dripstone_block":1,"minecraft:dirt":2,"minecraft:sandstone_wall":1,"minecraft:cobweb":4,"minecraft:polished_andesite":1,"minecraft:deepslate_emerald_ore":1,"minecraft:oak_leaves":11,"minecraft:deepslate":1,"minecraft:fern":2},"minecraft:broken":{"minecraft:chainmail_boots":1,"minecraft:wooden_axe":2,"minecraft:golden_chestplate":1},"minecraft:dropped":{"minecraft:enchanted_book":1,"minecraft:golden_boots":1,"minecraft:oak_slab":2,"minecraft:birch_planks":1,"minecraft:wheat_seeds":4,"minecraft:glass_bottle":6,"minecraft:feather":1,"minecraft:knowledge_book":14,"minecraft:glow_item_frame":1,"minecraft:copper_ingot":1,"born_in_chaos_v1:pieceofdarkmetal":1,"regions_unexplored:redwood_sapling":100,"minecraft:rail":1,"alexsmobs:raw_catfish":4,"minecraft:item_frame":6,"minecraft:stick":21,"born_in_chaos_v1:monster_flesh":2,"minecraft:dirt":3,"iceandfire:copper_nugget":4,"minecraft:torch":4,"minecraft:snowball":2,"minecraft:jungle_sapling":1,"minecraft:oak_stairs":1,"minecraft:wooden_sword":1,"minecraft:stripped_oak_wood":5,"minecraft:smooth_sandstone":16,"iceandfire:myrmex_jungle_chitin":1,"minecraft:chiseled_sandstone":2,"minecraft:bone":2,"regions_unexplored:pink_bioshroom":1,"minecraft:raw_iron":6,"minecraft:rotten_flesh":5,"minecraft:oak_planks":5,"regions_unexplored:redwood_planks":8,"minecraft:cobbled_deepslate_slab":2,"regions_unexplored:duckweed":2,"minecraft:infested_stone_bricks":12,"alexscaves:diving_helmet":1,"born_in_chaos_v1:corpse_maggot":1,"minecraft:jungle_log":9,"apotheosis:gem":11,"minecraft:spider_eye":1,"minecraft:spruce_slab":1,"minecraft:arrow":2,"alexscaves:primordial_helmet":1},"minecraft:crafted":{"minecraft:jungle_button":2,"quark:jungle_chest":1,"minecraft:leather":1,"tombstone:grave_key":1,"minecraft:chest":1,"sophisticatedbackpacks:iron_backpack":1,"sophisticatedbackpacks:backpack":1,"minecraft:crafting_table":2,"sophisticatedbackpacks:gold_backpack":1,"minecraft:air":99,"minecraft:jungle_planks":15,"regions_unexplored:redwood_planks":31,"minecraft:stick":4,"minecraft:wooden_axe":2,"minecraft:firework_rocket":5},"minecraft:killed":{"minecraft:cave_spider":11,"born_in_chaos_v1:door_knight_not_despawn":1,"minecraft:spider":2,"naturalist:duck":2,"born_in_chaos_v1:maggot":4,"alexsmobs:leafcutter_ant":3,"minecraft:silverfish":5,"iceandfire:myrmex_worker":2,"born_in_chaos_v1:decrepit_skeleton":2,"minecraft:zombie":2,"endermanoverhaul:cave_enderman":1,"alexsmobs:crocodile":1,"quark:wraith":2},"minecraft:used":{"minecraft:spruce_slab":1,"minecraft:iron_sword":91,"minecraft:torch":6,"farmersdelight:flint_knife":7,"minecraft:jungle_planks":12,"minecraft:wooden_axe":14,"minecraft:lava_bucket":5,"minecraft:lantern":1,"minecraft:iron_axe":69,"evilcraft:flesh_humanoid":1,"naturalist:duck":2,"minecraft:jungle_button":2,"minecraft:goat_horn":10,"tombstone:gift":2,"create:honey_bucket":2,"minecraft:knowledge_book":129,"minecraft:bundle":2,"minecraft:rail":2,"regions_unexplored:redwood_planks":60,"minecraft:crafting_table":2,"minecraft:infested_stone_bricks":5,"minecraft:black_bed":3,"regions_unexplored:redwood_log":93,"minecraft:firework_rocket":5,"minecraft:apple":4,"born_in_chaos_v1:monster_flesh":2,"minecraft:iron_pickaxe":35,"tombstone:grave_key":7,"create:honeyed_apple":1,"minecraft:potion":3,"iceandfire:dragon_skull_fire":1,"minecraft:bucket":7,"alexsmobs:animal_dictionary":2},"minecraft:killed_by":{"alexsmobs:froststalker":1,"minecraft:player":3,"iceandfire:deathworm":1,"irons_spellbooks:pyromancer":1,"endermanoverhaul:cave_enderman":1,"minecraft:stray":1,"enemyexpansion:huntsman":1,"iceandfire:stymphalian_bird":1,"minecraft:vindicator":1,"alexsmobs:crocodile":1,"minecraft:cave_spider":8,"iceandfire:ice_dragon":5,"minecraft:skeleton":2,"minecraft:zombie":1,"irons_spellbooks:apothecarist":1}},"DataVersion":3465}