{"stats":{"minecraft:custom":{"minecraft:time_since_rest":2782,"lootr:looted_stat":7,"minecraft:sprint_one_cm":103800,"minecraft:damage_taken":1917,"minecraft:walk_one_cm":52487,"minecraft:mob_kills":3,"minecraft:drop":11,"minecraft:damage_dealt":317,"minecraft:swim_one_cm":3416,"minecraft:interact_with_crafting_table":3,"minecraft:fly_one_cm":255226,"minecraft:crouch_one_cm":182,"minecraft:play_time":33343,"tombstone:undead_killed":1,"minecraft:deaths":5,"minecraft:sneak_time":342,"minecraft:walk_under_water_one_cm":3625,"minecraft:jump":921,"minecraft:damage_dealt_resisted":0,"minecraft:walk_on_water_one_cm":9769,"minecraft:time_since_death":3941,"minecraft:climb_one_cm":2168,"minecraft:total_world_time":33343,"minecraft:fall_one_cm":18679},"minecraft:picked_up":{"regions_unexplored:duckweed":2,"minecraft:stick":79,"naturalist:duck":2,"minecraft:feather":1,"born_in_chaos_v1:monster_flesh":1,"minecraft:black_bed":1,"minecraft:dirt":3,"minecraft:wooden_sword":1,"minecraft:bone":1,"minecraft:arrow":3,"minecraft:rotten_flesh":1,"minecraft:wheat_seeds":1,"regions_unexplored:redwood_sapling":100,"minecraft:glass_bottle":2,"irons_spellbooks:inscription_table":1,"regions_unexplored:redwood_log":590},"minecraft:mined":{"minecraft:podzol":1,"regions_unexplored:duckweed":1,"minecraft:black_bed":1,"minecraft:grass":4,"minecraft:grass_block":1,"minecraft:vine":1,"minecraft:dirt":2,"regions_unexplored:medium_grass":1,"minecraft:tall_grass":5,"irons_spellbooks:inscription_table":1,"regions_unexplored:redwood_log":615,"minecraft:fern":1},"minecraft:broken":{"minecraft:wooden_axe":2},"minecraft:dropped":{"minecraft:glass_bottle":4,"regions_unexplored:redwood_sapling":100,"regions_unexplored:duckweed":1,"minecraft:stick":21},"minecraft:crafted":{"regions_unexplored:redwood_planks":10,"minecraft:crafting_table":2,"tombstone:grave_key":1,"minecraft:stick":4,"minecraft:wooden_axe":2,"minecraft:air":9},"minecraft:killed":{"minecraft:zombie":1,"naturalist:duck":2},"minecraft:used":{"minecraft:wooden_axe":14,"regions_unexplored:redwood_log":10,"born_in_chaos_v1:monster_flesh":1,"naturalist:duck":2,"minecraft:potion":3,"minecraft:crafting_table":1,"tombstone:gift":1,"alexsmobs:animal_dictionary":2,"minecraft:knowledge_book":1},"minecraft:killed_by":{"minecraft:vindicator":1,"minecraft:skeleton":2,"irons_spellbooks:apothecarist":1}},"DataVersion":3465}