{"stats":{"minecraft:used":{"tombstone:scroll_of_unstable_intangibility":8,"tombstone:scroll_of_lightning_resistance":1,"minecraft:trident":1,"minecraft:chest":14,"minecraft:iron_sword":3,"minecraft:torch":45,"minecraft:dirt":1,"minecraft:snowball":26,"minecraft:stripped_spruce_log":1,"tombstone:tablet_of_cupidity":1,"alexscaves:primordial_helmet":1,"minecraft:tadpole_bucket":1,"quark:glowberry_sack":1,"alexsmobs:lobster_bucket":1,"alexsmobs:novelty_hat":1,"tombstone:gift":5,"minecraft:cooked_beef":2,"minecraft:knowledge_book":20,"simplyswords:iron_rapier":119,"minecraft:acacia_trapdoor":1,"minecraft:baked_potato":2,"minecraft:diamond_axe":58,"minecraft:crafting_table":2,"tombstone:bag_of_seeds":1,"supplementaries:candle_holder_green":4,"tombstone:tablet_of_assistance":7,"minecraft:bread":2,"minecraft:iron_pickaxe":243,"tombstone:grave_key":9,"create:honeyed_apple":1,"alexsmobs:tendon_whip":5,"minecraft:diamond_sword":218,"minecraft:cobblestone":19,"quark:slime_in_a_bucket":4,"minecraft:potion":1,"minecraft:bucket":2,"minecraft:golden_pickaxe":9},"minecraft:killed":{"minecraft:cave_spider":1,"minecraft:spider":7,"enemyexpansion:direwolf":2,"born_in_chaos_v1:maggot":12,"minecraft:skeleton":9,"minecraft:chicken":1,"minecraft:silverfish":2,"born_in_chaos_v1:corpse_fish":4,"minecraft:snow_golem":1,"minecraft:bat":1,"enemyexpansion:sprinter":1,"minecraft:wandering_trader":3,"born_in_chaos_v1:decrepit_skeleton":1,"minecraft:zombie":36,"born_in_chaos_v1:dread_hound":1,"enemyexpansion:botfly":10,"enemyexpansion:huntsman":1,"minecraft:stray":1,"born_in_chaos_v1:door_knight":1,"enemyexpansion:slugger":4},"minecraft:crafted":{"quark:blossom_chest":10,"minecraft:chest":10,"sophisticatedbackpacks:iron_backpack":1,"sophisticatedbackpacks:backpack":1,"quark:blossom_planks":22,"minecraft:crafting_table":1,"sophisticatedbackpacks:gold_backpack":1,"minecraft:air":109},"minecraft:killed_by":{"minecraft:stray":2,"born_in_chaos_v1:zombie_bruiser":1,"enemyexpansion:slugger":1,"enemyexpansion:equestrian":1,"enemyexpansion:huntsman":2,"enemyexpansion:sprinter":2,"minecraft:skeleton":5,"minecraft:zombie":1,"enemyexpansion:direwolf":1},"minecraft:dropped":{"minecraft:enchanted_book":1,"minecraft:iron_sword":1,"croptopia:turnip_seed":3,"minecraft:wheat_seeds":3,"minecraft:glass_bottle":1,"croptopia:hops_seed":2,"quark:blossom_planks":4,"minecraft:cobblestone":4,"minecraft:iron_helmet":1,"minecraft:knowledge_book":2,"tombstone:tablet_of_assistance":1,"regions_unexplored:silver_birch_sapling":1,"minecraft:chainmail_helmet":2,"minecraft:acacia_trapdoor":1,"born_in_chaos_v1:monster_flesh":1,"croptopia:turmeric_seed":2,"minecraft:string":4,"minecraft:bone":4,"iceandfire:dragonbone":3,"magistuarmory:rustedchainmail_leggings":1,"minecraft:iron_nugget":2,"relics:solid_snowball":2,"minecraft:wheat":1,"minecraft:rotten_flesh":28,"iceandfire:dragon_skull_ice":4,"minecraft:chainmail_chestplate":2,"supplementaries:trapped_present_red":2,"minecraft:leather_chestplate":1,"create_new_age:magnetite_block":2,"minecraft:gunpowder":1,"croptopia:broccoli_seed":1,"minecraft:quartz_block":2,"minecraft:leather_boots":4,"minecraft:stone_bricks":1,"minecraft:spider_eye":1,"minecraft:iron_bars":2,"minecraft:arrow":8,"alexscaves:primordial_helmet":1,"magistuarmory:rustedchainmail_boots":2},"minecraft:mined":{"minecraft:mossy_cobblestone":2,"quark:shale":15,"create:lime_seat":4,"minecraft:spruce_trapdoor":15,"minecraft:grass_block":1,"realmrpg_skeletons:dungeon_crawler_skeleton":1,"minecraft:chiseled_stone_bricks":1,"minecraft:spawner":38,"supplementaries:daub_frame":2,"minecraft:acacia_trapdoor":1,"minecraft:iron_ore":1,"minecraft:barrel":5,"quark:glowberry_sack":1,"minecraft:stripped_spruce_log":1,"regions_unexplored:frozen_grass":2,"create:orange_seat":3,"minecraft:iron_bars":13,"minecraft:stone":62,"supplementaries:trapped_present_green":3,"quark:blossom_bookshelf":2,"minecraft:quartz_block":9,"lootr:lootr_chest":3,"create_new_age:magnetite_block":2,"supplementaries:candle_holder_green":1,"minecraft:crafting_table":1,"minecraft:torch":1,"minecraft:potted_jungle_sapling":1,"minecraft:chest":2,"quark:flowering_azalea_leaf_carpet":8,"supplementaries:sack":1,"minecraft:cobblestone":3,"minecraft:cauldron":1,"supplementaries:urn":4,"minecraft:spruce_stairs":4,"supplementaries:trapped_present_light_gray":1,"supplementaries:trapped_present_blue":1,"quark:mangrove_bookshelf":3,"quark:dark_oak_leaf_carpet":14,"minecraft:polished_blackstone_slab":1,"minecraft:ice":2,"supplementaries:trapped_present_lime":1,"ars_nouveau:mage_block":2,"minecraft:gravel":4,"minecraft:dirt":8,"minecraft:cracked_stone_bricks":2,"evilcraft:bloody_cobblestone":71,"supplementaries:trapped_present_red":2,"minecraft:tripwire_hook":1,"minecraft:stone_bricks":6,"minecraft:mossy_stone_bricks":4},"minecraft:broken":{"minecraft:leather_chestplate":1,"minecraft:golden_pickaxe":1},"minecraft:picked_up":{"minecraft:crafting_table":1,"minecraft:wheat":1,"minecraft:chicken":1,"quark:flowering_azalea_leaf_carpet":8,"minecraft:flower_pot":1,"minecraft:leather_leggings":1,"minecraft:potion":3,"create:lime_seat":3,"minecraft:string":9,"create:orange_seat":3,"minecraft:cracked_stone_bricks":1,"minecraft:bucket":1,"minecraft:written_book":2,"minecraft:jungle_sapling":1,"minecraft:iron_nugget":2,"supplementaries:trapped_present_blue":1,"minecraft:chest":5,"minecraft:spruce_trapdoor":15,"minecraft:raw_iron":1,"apotheosis:gem":3,"iceandfire:dragonbone":66,"supplementaries:trapped_present_light_gray":1,"minecraft:torch":2,"minecraft:spruce_stairs":4,"alexsmobs:lobster_bucket":1,"minecraft:snow_block":13,"alexscaves:primordial_helmet":1,"magistuarmory:rustedkettlehat":1,"quark:slime_in_a_bucket":1,"tombstone:grave_dust":9,"supplementaries:trapped_present_green":2,"supplementaries:candle_holder_green":4,"minecraft:cauldron":1,"quark:blossom_planks":4,"iceandfire:dragon_skull_ice":4,"minecraft:quartz_block":3,"minecraft:stone_sword":1,"minecraft:arrow":11,"minecraft:rotten_flesh":37,"relics:solid_snowball":1,"miners_delight:bat_wing":1,"minecraft:tadpole_bucket":1,"quark:dark_oak_leaf_carpet":14,"minecraft:iron_bars":12,"minecraft:snowball":39,"minecraft:cobblestone":60,"minecraft:stripped_oak_log":1,"born_in_chaos_v1:corpse_maggot":2,"minecraft:leather_chestplate":1,"magistuarmory:rustedhalfarmor_chestplate":1,"magistuarmory:rustedchainmail_boots":4,"born_in_chaos_v1:monster_flesh":1,"minecraft:tripwire_hook":1,"minecraft:potato":1,"minecraft:flint":2,"minecraft:chainmail_chestplate":2,"quark:glowberry_sack":1,"minecraft:gunpowder":1,"minecraft:dirt":4,"minecraft:spawner":1,"born_in_chaos_v1:monster_skin":1,"minecraft:leather_boots":3,"minecraft:bone":18,"evilcraft:bloody_cobblestone":64,"minecraft:stone_bricks":2,"supplementaries:daub_frame":2,"minecraft:wheat_seeds":3,"minecraft:acacia_trapdoor":2,"create_new_age:magnetite_block":2,"minecraft:iron_ingot":1,"minecraft:iron_sword":1,"regions_unexplored:silver_birch_sapling":1,"minecraft:book":15,"supplementaries:trapped_present_lime":1,"magistuarmory:rustedchainmail_chestplate":1,"quark:shale":15,"supplementaries:sack":1,"quark:glass_item_frame":2,"minecraft:gravel":2,"minecraft:raw_iron_block":1,"minecraft:stripped_spruce_log":1,"magistuarmory:rustedchainmail_leggings":2,"minecraft:barrel":5,"minecraft:spider_eye":1,"create:honeyed_apple":1,"minecraft:mossy_cobblestone":1,"minecraft:bundle":1,"croptopia:hops_seed":2,"minecraft:diamond":1,"minecraft:diamond_axe":1,"minecraft:bread":4,"tombstone:magic_scroll":1,"born_in_chaos_v1:rotten_fish":1,"quark:orange_blossom_leaf_carpet":3,"supplementaries:trapped_present_red":4},"minecraft:custom":{"lootr:looted_stat":55,"minecraft:mob_kills":99,"minecraft:interact_with_crafting_table":3,"minecraft:open_barrel":15,"minecraft:damage_dealt_resisted":725,"minecraft:leave_game":3,"minecraft:time_since_death":256,"minecraft:climb_one_cm":4302,"minecraft:damage_resisted":30,"minecraft:sprint_one_cm":352394,"minecraft:walk_one_cm":253333,"minecraft:drop":62,"minecraft:damage_dealt_absorbed":159,"minecraft:talked_to_villager":7,"minecraft:play_time":111131,"minecraft:deaths":21,"minecraft:sneak_time":2089,"minecraft:walk_under_water_one_cm":7470,"minecraft:jump":1176,"minecraft:interact_with_blast_furnace":2,"minecraft:walk_on_water_one_cm":547,"minecraft:total_world_time":111131,"minecraft:pot_flower":1,"minecraft:time_since_rest":1,"minecraft:damage_taken":6924,"minecraft:damage_absorbed":210,"minecraft:damage_dealt":13710,"tombstone:cast_on_ally":0,"minecraft:player_kills":3,"minecraft:swim_one_cm":11408,"minecraft:fly_one_cm":259770,"minecraft:open_chest":12,"minecraft:crouch_one_cm":3499,"tombstone:undead_killed":54,"tombstone:villager_killed":3,"minecraft:fall_one_cm":29095}},"DataVersion":3465}