{
  "nethervinery:crimson_apple_press": {
    "criteria": {
      "has_the_recipe": "2024-05-12 00:01:16 +0000"
    },
    "done": true
  },
  "nethervinery:warped_wine_rack_mid": {
    "criteria": {
      "has_the_recipe": "2024-05-12 00:01:16 +0000"
    },
    "done": true
  },
  "nethervinery:crimson_nether_bag": {
    "criteria": {
      "has_the_recipe": "2024-05-12 00:01:16 +0000"
    },
    "done": true
  },
  "nethervinery:warped_grapevine_pot": {
    "criteria": {
      "has_the_recipe": "2024-05-12 00:01:16 +0000"
    },
    "done": true
  },
  "nethervinery:warped_wine_rack_small": {
    "criteria": {
      "has_the_recipe": "2024-05-12 00:01:16 +0000"
    },
    "done": true
  },
  "nethervinery:crested_crimson_planks": {
    "criteria": {
      "has_the_recipe": "2024-05-12 00:01:16 +0000"
    },
    "done": true
  },
  "nethervinery:obsidian_stem": {
    "criteria": {
      "has_the_recipe": "2024-05-12 00:01:16 +0000"
    },
    "done": true
  },
  "nethervinery:warped_grape_seeds": {
    "criteria": {
      "has_the_recipe": "2024-05-12 00:01:16 +0000"
    },
    "done": true
  },
  "ars_nouveau:root": {
    "criteria": {
      "ars_nouveau:worn_notebook": "2024-05-12 00:01:16 +0000"
    },
    "done": true
  },
  "farmersdelight:main/root": {
    "criteria": {
      "seeds": "2024-05-12 00:01:16 +0000"
    },
    "done": true
  },
  "nethervinery:crested_warped_planks": {
    "criteria": {
      "has_the_recipe": "2024-05-12 00:01:16 +0000"
    },
    "done": true
  },
  "create:root": {
    "criteria": {
      "0": "2024-05-12 00:01:16 +0000"
    },
    "done": true
  },
  "naturescompass:natures_compass_log": {
    "criteria": {
      "has_recipe": "2024-05-12 00:01:16 +0000"
    },
    "done": true
  },
  "nethervinery:warped_apple_press": {
    "criteria": {
      "has_the_recipe": "2024-05-12 00:01:16 +0000"
    },
    "done": true
  },
  "nethervinery:crimson_wine_rack_small": {
    "criteria": {
      "has_the_recipe": "2024-05-12 00:01:16 +0000"
    },
    "done": true
  },
  "nethervinery:warped_fermentation_barrel": {
    "criteria": {
      "has_the_recipe": "2024-05-12 00:01:16 +0000"
    },
    "done": true
  },
  "nethervinery:crimson_grape_crate": {
    "criteria": {
      "has_the_recipe": "2024-05-12 00:01:16 +0000"
    },
    "done": true
  },
  "naturescompass:natures_compass": {
    "criteria": {
      "has_recipe": "2024-05-12 00:01:16 +0000"
    },
    "done": true
  },
  "naturescompass:natures_compass_sapling": {
    "criteria": {
      "has_recipe": "2024-05-12 00:01:16 +0000"
    },
    "done": true
  },
  "nethervinery:improved_nether_fizz": {
    "criteria": {
      "has_the_recipe": "2024-05-12 00:01:16 +0000"
    },
    "done": true
  },
  "nethervinery:crimson_grape_seeds": {
    "criteria": {
      "has_the_recipe": "2024-05-12 00:01:16 +0000"
    },
    "done": true
  },
  "nethervinery:warped_grape_crate": {
    "criteria": {
      "has_the_recipe": "2024-05-12 00:01:16 +0000"
    },
    "done": true
  },
  "nethervinery:reinforced_crimson_planks": {
    "criteria": {
      "has_the_recipe": "2024-05-12 00:01:16 +0000"
    },
    "done": true
  },
  "nethervinery:crimson_fermentation_barrel": {
    "criteria": {
      "has_the_recipe": "2024-05-12 00:01:16 +0000"
    },
    "done": true
  },
  "nethervinery:warped_nether_bag": {
    "criteria": {
      "has_the_recipe": "2024-05-12 00:01:16 +0000"
    },
    "done": true
  },
  "nethervinery:crimson_grapevine_pot": {
    "criteria": {
      "has_the_recipe": "2024-05-12 00:01:16 +0000"
    },
    "done": true
  },
  "nethervinery:improved_lava_fizz": {
    "criteria": {
      "has_the_recipe": "2024-05-12 00:01:16 +0000"
    },
    "done": true
  },
  "nethervinery:reinforced_warped_planks": {
    "criteria": {
      "has_the_recipe": "2024-05-12 00:01:16 +0000"
    },
    "done": true
  },
  "nethervinery:crimson_wine_rack_mid": {
    "criteria": {
      "has_the_recipe": "2024-05-12 00:01:16 +0000"
    },
    "done": true
  },
  "vinery:main/root": {
    "criteria": {
      "seeds": "2024-05-12 00:01:16 +0000"
    },
    "done": true
  },
  "iceandfire:iceandfire/root": {
    "criteria": {
      "tick": "2024-05-12 00:01:17 +0000"
    },
    "done": true
  },
  "idas:idas_root": {
    "criteria": {
      "always": "2024-05-12 00:01:17 +0000"
    },
    "done": true
  },
  "stellarity:dragons_den/cursed_tome/root": {
    "criteria": {
      "requirement": "2024-05-12 00:01:17 +0000"
    },
    "done": true
  },
  "ancient_elements:ancient_elements": {
    "criteria": {
      "ancient_elements": "2024-05-12 00:01:17 +0000"
    },
    "done": true
  },
  "dungeons_arise:wda_root": {
    "criteria": {
      "WDA": "2024-05-12 00:01:17 +0000"
    },
    "done": true
  },
  "stellarity:story/drop_rare_illager_loot": {
    "criteria": {
      "drop5": "2024-05-12 00:01:17 +0000",
      "drop4": "2024-05-12 00:01:17 +0000"
    },
    "done": true
  },
  "stellarity:cursed_tome/spellbooks/conveyance": {
    "criteria": {
      "requirement": "2024-05-12 00:01:17 +0000"
    },
    "done": true
  },
  "simplyswords:grant_book_on_first_join": {
    "criteria": {
      "tick": "2024-05-12 00:01:17 +0000"
    },
    "done": true
  },
  "stellarity:cursed_tome/root": {
    "criteria": {
      "requirement": "2024-05-12 00:01:17 +0000"
    },
    "done": true
  },
  "stellarity:cursed_tome/spellbooks/updraft": {
    "criteria": {
      "requirement": "2024-05-12 00:01:17 +0000"
    },
    "done": true
  },
  "stellarity:cursed_tome/spellbooks/light": {
    "criteria": {
      "requirement": "2024-05-12 00:01:17 +0000"
    },
    "done": true
  },
  "stellarity:dragons_den/cursed_tome/items/spellbooks/unlock_conveyance": {
    "criteria": {
      "requirement": "2024-05-12 00:01:17 +0000"
    },
    "done": true
  },
  "stellarity:cursed_tome/spellbooks/natures_wrath": {
    "criteria": {
      "requirement": "2024-05-12 00:01:17 +0000"
    },
    "done": true
  },
  "lootr:root": {
    "criteria": {
      "always_true": "2024-05-12 00:01:17 +0000"
    },
    "done": true
  },
  "stellarity:dragons_den/cursed_tome/items/spellbooks/unlock_updraft": {
    "criteria": {
      "requirement": "2024-05-12 00:01:17 +0000"
    },
    "done": true
  },
  "apotheosis:give_book": {
    "criteria": {
      "tick": "2024-05-12 00:01:17 +0000"
    },
    "done": true
  },
  "parcool:grant_parcool_guide": {
    "criteria": {
      "tick": "2024-05-12 00:01:17 +0000"
    },
    "done": true
  },
  "cataclysm:root": {
    "criteria": {
      "custom_test_name": "2024-05-12 00:01:17 +0000"
    },
    "done": true
  },
  "irons_spellbooks:grant_patchouli": {
    "criteria": {
      "tick": "2024-05-12 00:01:17 +0000"
    },
    "done": true
  },
  "stellarity:dragons_den/cursed_tome/items/spellbooks/unlock_light": {
    "criteria": {
      "requirement": "2024-05-12 00:01:17 +0000"
    },
    "done": true
  },
  "regions_unexplored:regions_explored": {
    "criteria": {
      "arid_mountains": "2024-05-12 03:25:08 +0000",
      "prismachasm": "2024-05-12 01:51:26 +0000",
      "marsh": "2024-05-12 00:01:18 +0000",
      "redstone_caves": "2024-05-12 00:35:48 +0000",
      "blackwood_taiga": "2024-05-12 00:07:49 +0000",
      "rocky_meadow": "2024-05-12 03:42:47 +0000",
      "highland_fields": "2024-05-12 03:42:43 +0000",
      "tropical_river": "2024-05-12 03:20:23 +0000",
      "magnolia_highlands": "2024-05-12 03:30:56 +0000",
      "joshua_desert": "2024-05-12 03:18:04 +0000",
      "mountains": "2024-05-12 03:32:42 +0000",
      "deciduous_forest": "2024-05-12 01:48:22 +0000",
      "fungal_fen": "2024-05-12 03:12:51 +0000",
      "chalk_cliffs": "2024-05-12 03:44:36 +0000",
      "bamboo_forest": "2024-05-12 00:51:20 +0000",
      "saguaro_desert": "2024-05-12 03:19:12 +0000",
      "pine_slopes": "2024-05-12 03:33:06 +0000",
      "old_growth_bayou": "2024-05-12 00:07:09 +0000",
      "redwoods": "2024-05-12 00:11:24 +0000",
      "rainforest": "2024-05-12 03:24:22 +0000"
    },
    "done": false
  },
  "regions_unexplored:pioneer": {
    "criteria": {
      "arid_mountains": "2024-05-12 03:25:08 +0000",
      "marsh": "2024-05-12 00:01:18 +0000",
      "blackwood_taiga": "2024-05-12 00:07:49 +0000",
      "rocky_meadow": "2024-05-12 03:42:47 +0000",
      "highland_fields": "2024-05-12 03:42:43 +0000",
      "tropical_river": "2024-05-12 03:20:23 +0000",
      "magnolia_highlands": "2024-05-12 03:30:56 +0000",
      "joshua_desert": "2024-05-12 03:18:04 +0000",
      "mountains": "2024-05-12 03:32:42 +0000",
      "deciduous_forest": "2024-05-12 01:48:22 +0000",
      "fungal_fen": "2024-05-12 03:12:51 +0000",
      "chalk_cliffs": "2024-05-12 03:44:36 +0000",
      "bamboo_forest": "2024-05-12 00:51:20 +0000",
      "saguaro_desert": "2024-05-12 03:19:12 +0000",
      "pine_slopes": "2024-05-12 03:33:06 +0000",
      "old_growth_bayou": "2024-05-12 00:07:09 +0000",
      "redwoods": "2024-05-12 00:11:24 +0000",
      "rainforest": "2024-05-12 03:24:22 +0000"
    },
    "done": false
  },
  "tombstone:adventure/root": {
    "criteria": {
      "auto": "2024-05-12 00:01:18 +0000"
    },
    "done": true
  },
  "regions_unexplored:parent": {
    "criteria": {
      "load_in_world": "2024-05-12 00:01:18 +0000"
    },
    "done": true
  },
  "immersive_aircraft:misc/aircraftery": {
    "criteria": {
      "has_item": "2024-05-12 00:02:16 +0000"
    },
    "done": true
  },
  "minecraft:story/smelt_iron": {
    "criteria": {
      "iron": "2024-05-12 00:02:16 +0000"
    },
    "done": true
  },
  "regions_unexplored:got_wood": {
    "criteria": {
      "dead_log": "2024-05-12 00:02:51 +0000"
    },
    "done": false
  },
  "lootr:social": {
    "criteria": {
      "opened_barrel": "2024-05-12 00:03:29 +0000",
      "opened_chest": "2024-05-12 00:03:49 +0000",
      "opened_cart": "2024-05-12 01:38:38 +0000"
    },
    "done": false
  },
  "lootr:1barrel": {
    "criteria": {
      "opened_barrel": "2024-05-12 00:03:29 +0000"
    },
    "done": true
  },
  "minecraft:story/obtain_armor": {
    "criteria": {
      "iron_boots": "2024-05-12 00:03:31 +0000"
    },
    "done": true
  },
  "irons_spellbooks:irons_spellbooks/ink_root": {
    "criteria": {
      "requirement": "2024-05-12 00:03:35 +0000"
    },
    "done": true
  },
  "lootr:1chest": {
    "criteria": {
      "opened_chest": "2024-05-12 00:03:49 +0000"
    },
    "done": true
  },
  "apotheosis:affix/gem": {
    "criteria": {
      "gem": "2024-05-12 00:03:54 +0000"
    },
    "done": true
  },
  "create:copper": {
    "criteria": {
      "0": "2024-05-12 00:04:29 +0000"
    },
    "done": true
  },
  "immersive_melodies:misc/instruments": {
    "criteria": {
      "has_item": "2024-05-12 00:04:29 +0000"
    },
    "done": true
  },
  "stellarity:events/on_death": {
    "criteria": {
      "requirement": "2024-05-12 00:04:54 +0000"
    },
    "done": true
  },
  "tombstone:adventure/first_grave": {
    "criteria": {
      "coded_trigger": "2024-05-12 00:04:54 +0000"
    },
    "done": true
  },
  "minecraft:adventure/root": {
    "criteria": {
      "killed_by_something": "2024-05-12 00:04:54 +0000"
    },
    "done": true
  },
  "tombstone:recipes/from_grave_key": {
    "criteria": {
      "has_ingredient": "2024-05-12 00:05:00 +0000"
    },
    "done": true
  },
  "tombstone:adventure/cancel_ghostly_shape": {
    "criteria": {
      "coded_trigger": "2024-05-12 00:05:53 +0000"
    },
    "done": true
  },
  "apotheosis:affix/root": {
    "criteria": {
      "sword": "2024-05-12 00:06:00 +0000"
    },
    "done": true
  },
  "apotheosis:affix/chests": {
    "criteria": {
      "sword": "2024-05-12 00:06:00 +0000"
    },
    "done": true
  },
  "tombstone:recipes/from_grave_dust": {
    "criteria": {
      "has_ingredient": "2024-05-12 00:06:12 +0000"
    },
    "done": true
  },
  "regions_unexplored:light_as_a_frog": {
    "criteria": {
      "lily_pad": "2024-05-12 00:07:25 +0000"
    },
    "done": true
  },
  "tombstone:adventure/enchant_grave_key": {
    "criteria": {
      "has_upgraded_grave_key": "2024-05-12 00:24:30 +0000"
    },
    "done": true
  },
  "tombstone:adventure/teleport_to_grave": {
    "criteria": {
      "coded_trigger": "2024-05-12 00:24:37 +0000"
    },
    "done": true
  },
  "tombstone:adventure/first_knowledge": {
    "criteria": {
      "coded_trigger": "2024-05-12 00:24:37 +0000"
    },
    "done": true
  },
  "tombstone:adventure/easy_opening": {
    "criteria": {
      "coded_trigger": "2024-05-12 00:24:39 +0000"
    },
    "done": true
  },
  "tombstone:adventure/choose_knowledge": {
    "criteria": {
      "coded_trigger": "2024-05-12 00:30:39 +0000"
    },
    "done": true
  },
  "regions_unexplored:spelunker": {
    "criteria": {
      "redstone_caves": "2024-05-12 00:35:48 +0000",
      "prismachasm": "2024-05-12 01:51:26 +0000"
    },
    "done": false
  },
  "dungeons_arise:find_monasteries": {
    "criteria": {
      "location0": "2024-05-12 00:39:28 +0000"
    },
    "done": true
  },
  "dungeons_arise:find_abandoned_temple": {
    "criteria": {
      "location0": "2024-05-12 00:42:46 +0000"
    },
    "done": true
  },
  "dungeons_arise:find_bathhouse": {
    "criteria": {
      "location0": "2024-05-12 00:51:37 +0000"
    },
    "done": true
  },
  "alexscaves:alexscaves/primordial_armor": {
    "criteria": {
      "pants": "2024-05-12 01:23:20 +0000",
      "helmet": "2024-05-12 00:52:25 +0000"
    },
    "done": false
  },
  "tombstone:adventure/create_magic_scroll": {
    "criteria": {
      "has_magic_scroll": "2024-05-12 00:52:39 +0000"
    },
    "done": true
  },
  "lootr:10loot": {
    "criteria": {
      "loot_stat": "2024-05-12 00:53:21 +0000"
    },
    "done": true
  },
  "minecraft:adventure/kill_all_mobs": {
    "criteria": {
      "minecraft:pillager": "2024-05-12 01:41:50 +0000",
      "minecraft:skeleton": "2024-05-12 00:55:48 +0000",
      "minecraft:ravager": "2024-05-12 01:41:48 +0000",
      "minecraft:vindicator": "2024-05-12 01:43:03 +0000",
      "minecraft:spider": "2024-05-12 00:54:14 +0000",
      "minecraft:cave_spider": "2024-05-12 02:38:57 +0000",
      "minecraft:silverfish": "2024-05-12 02:39:20 +0000",
      "minecraft:stray": "2024-05-12 02:37:53 +0000",
      "minecraft:zombie": "2024-05-12 02:41:37 +0000"
    },
    "done": false
  },
  "minecraft:adventure/kill_a_mob": {
    "criteria": {
      "minecraft:spider": "2024-05-12 00:54:14 +0000"
    },
    "done": true
  },
  "apotheosis:affix/random": {
    "criteria": {
      "sword": "2024-05-12 00:54:15 +0000"
    },
    "done": true
  },
  "croptopia:knife": {
    "criteria": {
      "knife": "2024-05-12 00:54:15 +0000"
    },
    "done": true
  },
  "farmersdelight:main/craft_knife": {
    "criteria": {
      "iron_knife": "2024-05-12 00:54:15 +0000"
    },
    "done": true
  },
  "apotheosis:affix/mythic_gem": {
    "criteria": {
      "gem": "2024-05-12 00:54:57 +0000"
    },
    "done": true
  },
  "minecraft:husbandry/root": {
    "criteria": {
      "consumed_item": "2024-05-12 00:55:13 +0000"
    },
    "done": true
  },
  "stellarity:cursed_tome/sabrewing": {
    "criteria": {
      "requirement": "2024-05-12 00:55:48 +0000"
    },
    "done": true
  },
  "stellarity:dragons_den/cursed_tome/items/unlock_sabrewing": {
    "criteria": {
      "requirement": "2024-05-12 00:55:48 +0000"
    },
    "done": true
  },
  "minecraft:story/iron_tools": {
    "criteria": {
      "iron_pickaxe": "2024-05-12 00:57:48 +0000"
    },
    "done": true
  },
  "dungeons_arise:find_infested_temple_map": {
    "criteria": {
      "find_map": "2024-05-12 00:57:56 +0000"
    },
    "done": true
  },
  "minecraft:adventure/sleep_in_bed": {
    "criteria": {
      "slept_in_bed": "2024-05-12 00:59:35 +0000"
    },
    "done": true
  },
  "apotheosis:affix/rare_gem": {
    "criteria": {
      "gem": "2024-05-12 01:02:29 +0000"
    },
    "done": true
  },
  "aquamirae:adventure/root": {
    "criteria": {
      "crafting_table": "2024-05-12 01:02:35 +0000"
    },
    "done": true
  },
  "minecraft:story/root": {
    "criteria": {
      "crafting_table": "2024-05-12 01:02:35 +0000"
    },
    "done": true
  },
  "tombstone:adventure/chain_death": {
    "criteria": {
      "coded_trigger": "2024-05-12 01:02:40 +0000"
    },
    "done": true
  },
  "tombstone:adventure/find_grave_dust": {
    "criteria": {
      "from_undead": "2024-05-12 01:03:26 +0000"
    },
    "done": true
  },
  "lootr:25loot": {
    "criteria": {
      "loot_stat": "2024-05-12 01:04:12 +0000"
    },
    "done": true
  },
  "vinery:main/get_apple": {
    "criteria": {
      "apple": "2024-05-12 01:04:18 +0000"
    },
    "done": true
  },
  "minecraft:story/mine_diamond": {
    "criteria": {
      "diamond": "2024-05-12 01:05:04 +0000"
    },
    "done": true
  },
  "apotheosis:affix/rare": {
    "criteria": {
      "sword": "2024-05-12 01:06:09 +0000"
    },
    "done": true
  },
  "minecraft:husbandry/balanced_diet": {
    "criteria": {
      "apple": "2024-05-12 01:13:09 +0000",
      "bread": "2024-05-12 01:21:42 +0000"
    },
    "done": false
  },
  "vinery:main/wild_crops": {
    "criteria": {
      "white_jungle_grape_seeds": "2024-05-12 01:14:24 +0000"
    },
    "done": true
  },
  "vinery:main/crop_collector": {
    "criteria": {
      "vinery:jungle_grape_seeds_red": "2024-05-12 01:14:37 +0000",
      "vinery:jungle_grape_seeds_white": "2024-05-12 01:14:24 +0000"
    },
    "done": false
  },
  "minecraft:story/form_obsidian": {
    "criteria": {
      "obsidian": "2024-05-12 01:17:26 +0000"
    },
    "done": true
  },
  "minecraft:nether/obtain_blaze_rod": {
    "criteria": {
      "blaze_rod": "2024-05-12 01:17:26 +0000"
    },
    "done": true
  },
  "irons_spellbooks:irons_spellbooks/spell_book_equip": {
    "criteria": {
      "requirement": "2024-05-12 01:24:17 +0000"
    },
    "done": true
  },
  "simplyswords:runic_weapon": {
    "criteria": {
      "requirement": "2024-05-12 01:29:06 +0000"
    },
    "done": true
  },
  "tombstone:adventure/create_magic_tablet": {
    "criteria": {
      "has_magic_tablet": "2024-05-12 01:29:14 +0000"
    },
    "done": true
  },
  "minecraft:adventure/adventuring_time": {
    "criteria": {
      "minecraft:stony_peaks": "2024-05-12 03:27:47 +0000",
      "minecraft:river": "2024-05-12 01:49:32 +0000",
      "minecraft:lukewarm_ocean": "2024-05-12 03:44:37 +0000",
      "minecraft:stony_shore": "2024-05-12 03:43:21 +0000",
      "minecraft:dripstone_caves": "2024-05-12 01:37:50 +0000",
      "minecraft:lush_caves": "2024-05-12 01:37:48 +0000",
      "minecraft:deep_cold_ocean": "2024-05-12 01:55:20 +0000",
      "minecraft:frozen_ocean": "2024-05-12 01:54:23 +0000",
      "minecraft:jungle": "2024-05-12 01:30:02 +0000",
      "minecraft:ocean": "2024-05-12 03:44:59 +0000",
      "minecraft:frozen_peaks": "2024-05-12 03:32:32 +0000"
    },
    "done": false
  },
  "idas:ancient_mines": {
    "criteria": {
      "in_ancient_mines": "2024-05-12 01:31:57 +0000"
    },
    "done": true
  },
  "apotheosis:spawner/capturing": {
    "criteria": {
      "egg": "2024-05-12 01:36:08 +0000"
    },
    "done": true
  },
  "lootr:50loot": {
    "criteria": {
      "loot_stat": "2024-05-12 01:36:26 +0000"
    },
    "done": true
  },
  "lootr:1cart": {
    "criteria": {
      "opened_cart": "2024-05-12 01:38:38 +0000"
    },
    "done": true
  },
  "minecraft:story/shiny_gear": {
    "criteria": {
      "diamond_boots": "2024-05-12 01:38:42 +0000"
    },
    "done": true
  },
  "tombstone:adventure/ambush": {
    "criteria": {
      "coded_trigger": "2024-05-12 01:41:48 +0000"
    },
    "done": true
  },
  "stellarity:story/obtain_an_ender_pearl": {
    "criteria": {
      "criteria": "2024-05-12 01:45:29 +0000"
    },
    "done": true
  },
  "irons_spellbooks:irons_spellbooks/ink_legendary": {
    "criteria": {
      "requirement": "2024-05-12 01:45:50 +0000"
    },
    "done": true
  },
  "dungeons_arise:find_bandit_towers": {
    "criteria": {
      "location0": "2024-05-12 01:48:50 +0000"
    },
    "done": true
  },
  "ancient_elements:beneath_the_bedrock": {
    "criteria": {
      "beneath_the_bedrock": "2024-05-12 01:50:27 +0000"
    },
    "done": true
  },
  "ancient_elements:hammer_time": {
    "criteria": {
      "hammer_time": "2024-05-12 01:57:20 +0000"
    },
    "done": true
  },
  "minecraft:story/mine_stone": {
    "criteria": {
      "get_stone": "2024-05-12 01:57:25 +0000"
    },
    "done": true
  },
  "irons_spellbooks:irons_spellbooks/root": {
    "criteria": {
      "inscription_table": "2024-05-12 02:00:57 +0000"
    },
    "done": true
  },
  "irons_spellbooks:make_inscription_table": {
    "criteria": {
      "inscription_table": "2024-05-12 02:00:57 +0000"
    },
    "done": true
  },
  "irons_spellbooks:irons_spellbooks/make_inscription_table": {
    "criteria": {
      "inscription_table": "2024-05-12 02:00:57 +0000"
    },
    "done": true
  },
  "alexsmobs:alexsmobs/banana": {
    "criteria": {
      "banana": "2024-05-12 02:02:06 +0000"
    },
    "done": true
  },
  "minecraft:nether/obtain_crying_obsidian": {
    "criteria": {
      "crying_obsidian": "2024-05-12 02:56:43 +0000"
    },
    "done": true
  },
  "endrem:main/undead_eye_recipe": {
    "criteria": {
      "soul": "2024-05-12 03:17:16 +0000"
    },
    "done": true
  },
  "minecraft:story/lava_bucket": {
    "criteria": {
      "lava_bucket": "2024-05-12 02:48:57 +0000"
    },
    "done": true
  },
  "minecraft:husbandry/tame_an_animal": {
    "criteria": {
      "tamed_animal": "2024-05-12 03:09:27 +0000"
    },
    "done": true
  },
  "quark:mine_toretoise": {
    "criteria": {
      "mine_toretoise": "2024-05-12 02:37:45 +0000"
    },
    "done": true
  },
  "evilcraft:cannibal": {
    "criteria": {
      "criteria_0": "2024-05-12 03:03:47 +0000"
    },
    "done": true
  },
  "farmersdelight:main/get_fd_seed": {
    "criteria": {
      "rice": "2024-05-12 02:47:08 +0000"
    },
    "done": true
  },
  "create:wrench_goggles": {
    "criteria": {
      "1": "2024-05-12 02:54:02 +0000"
    },
    "done": false
  },
  "ars_nouveau:warp_scroll": {
    "criteria": {
      "has_warp_scroll": "2024-05-12 02:40:50 +0000"
    },
    "done": true
  },
  "artifacts:amateur_archaeologist": {
    "criteria": {
      "find_artifact": "2024-05-12 02:40:47 +0000"
    },
    "done": true
  },
  "lootr:100loot": {
    "criteria": {
      "loot_stat": "2024-05-12 03:17:51 +0000"
    },
    "done": true
  },
  "apotheotic_additions:main/tower": {
    "criteria": {
      "enter_tower": "2024-05-12 03:26:44 +0000"
    },
    "done": true
  },
  "iceandfire:iceandfire/kill_if_dragon": {
    "criteria": {
      "killed_ice_dragon": "2024-05-12 03:41:26 +0000"
    },
    "done": true
  },
  "tombstone:adventure/ashes_and_bones": {
    "criteria": {
      "coded_trigger": "2024-05-12 02:41:39 +0000"
    },
    "done": true
  },
  "DataVersion": 3465
}