{
  "iceandfire:iceandfire/root": {
    "criteria": {
      "tick": "2024-05-19 03:23:07 +0000"
    },
    "done": true
  },
  "nethervinery:crimson_apple_press": {
    "criteria": {
      "has_the_recipe": "2024-05-19 03:23:07 +0000"
    },
    "done": true
  },
  "idas:idas_root": {
    "criteria": {
      "always": "2024-05-19 03:23:07 +0000"
    },
    "done": true
  },
  "nethervinery:warped_wine_rack_mid": {
    "criteria": {
      "has_the_recipe": "2024-05-19 03:23:07 +0000"
    },
    "done": true
  },
  "nethervinery:crimson_nether_bag": {
    "criteria": {
      "has_the_recipe": "2024-05-19 03:23:07 +0000"
    },
    "done": true
  },
  "stellarity:dragons_den/cursed_tome/root": {
    "criteria": {
      "requirement": "2024-05-19 03:23:07 +0000"
    },
    "done": true
  },
  "ancient_elements:ancient_elements": {
    "criteria": {
      "ancient_elements": "2024-05-19 03:23:07 +0000"
    },
    "done": true
  },
  "nethervinery:warped_grapevine_pot": {
    "criteria": {
      "has_the_recipe": "2024-05-19 03:23:07 +0000"
    },
    "done": true
  },
  "dungeons_arise:wda_root": {
    "criteria": {
      "WDA": "2024-05-19 03:23:07 +0000"
    },
    "done": true
  },
  "nethervinery:warped_wine_rack_small": {
    "criteria": {
      "has_the_recipe": "2024-05-19 03:23:07 +0000"
    },
    "done": true
  },
  "nethervinery:crested_crimson_planks": {
    "criteria": {
      "has_the_recipe": "2024-05-19 03:23:07 +0000"
    },
    "done": true
  },
  "nethervinery:obsidian_stem": {
    "criteria": {
      "has_the_recipe": "2024-05-19 03:23:07 +0000"
    },
    "done": true
  },
  "nethervinery:warped_grape_seeds": {
    "criteria": {
      "has_the_recipe": "2024-05-19 03:23:07 +0000"
    },
    "done": true
  },
  "ars_nouveau:root": {
    "criteria": {
      "ars_nouveau:worn_notebook": "2024-05-19 03:23:07 +0000"
    },
    "done": true
  },
  "farmersdelight:main/root": {
    "criteria": {
      "seeds": "2024-05-19 03:23:07 +0000"
    },
    "done": true
  },
  "nethervinery:crested_warped_planks": {
    "criteria": {
      "has_the_recipe": "2024-05-19 03:23:07 +0000"
    },
    "done": true
  },
  "create:root": {
    "criteria": {
      "0": "2024-05-19 03:23:07 +0000"
    },
    "done": true
  },
  "naturescompass:natures_compass_log": {
    "criteria": {
      "has_recipe": "2024-05-19 03:23:07 +0000"
    },
    "done": true
  },
  "simplyswords:grant_book_on_first_join": {
    "criteria": {
      "tick": "2024-05-19 03:23:07 +0000"
    },
    "done": true
  },
  "nethervinery:warped_apple_press": {
    "criteria": {
      "has_the_recipe": "2024-05-19 03:23:07 +0000"
    },
    "done": true
  },
  "nethervinery:crimson_wine_rack_small": {
    "criteria": {
      "has_the_recipe": "2024-05-19 03:23:07 +0000"
    },
    "done": true
  },
  "nethervinery:warped_fermentation_barrel": {
    "criteria": {
      "has_the_recipe": "2024-05-19 03:23:07 +0000"
    },
    "done": true
  },
  "stellarity:cursed_tome/root": {
    "criteria": {
      "requirement": "2024-05-19 03:23:07 +0000"
    },
    "done": true
  },
  "nethervinery:crimson_grape_crate": {
    "criteria": {
      "has_the_recipe": "2024-05-19 03:23:07 +0000"
    },
    "done": true
  },
  "naturescompass:natures_compass": {
    "criteria": {
      "has_recipe": "2024-05-19 03:23:07 +0000"
    },
    "done": true
  },
  "naturescompass:natures_compass_sapling": {
    "criteria": {
      "has_recipe": "2024-05-19 03:23:07 +0000"
    },
    "done": true
  },
  "nethervinery:improved_nether_fizz": {
    "criteria": {
      "has_the_recipe": "2024-05-19 03:23:07 +0000"
    },
    "done": true
  },
  "nethervinery:crimson_grape_seeds": {
    "criteria": {
      "has_the_recipe": "2024-05-19 03:23:07 +0000"
    },
    "done": true
  },
  "nethervinery:warped_grape_crate": {
    "criteria": {
      "has_the_recipe": "2024-05-19 03:23:07 +0000"
    },
    "done": true
  },
  "nethervinery:reinforced_crimson_planks": {
    "criteria": {
      "has_the_recipe": "2024-05-19 03:23:07 +0000"
    },
    "done": true
  },
  "nethervinery:crimson_fermentation_barrel": {
    "criteria": {
      "has_the_recipe": "2024-05-19 03:23:07 +0000"
    },
    "done": true
  },
  "lootr:root": {
    "criteria": {
      "always_true": "2024-05-19 03:23:07 +0000"
    },
    "done": true
  },
  "nethervinery:warped_nether_bag": {
    "criteria": {
      "has_the_recipe": "2024-05-19 03:23:07 +0000"
    },
    "done": true
  },
  "nethervinery:crimson_grapevine_pot": {
    "criteria": {
      "has_the_recipe": "2024-05-19 03:23:07 +0000"
    },
    "done": true
  },
  "apotheosis:give_book": {
    "criteria": {
      "tick": "2024-05-19 03:23:07 +0000"
    },
    "done": true
  },
  "parcool:grant_parcool_guide": {
    "criteria": {
      "tick": "2024-05-19 03:23:07 +0000"
    },
    "done": true
  },
  "nethervinery:improved_lava_fizz": {
    "criteria": {
      "has_the_recipe": "2024-05-19 03:23:07 +0000"
    },
    "done": true
  },
  "cataclysm:root": {
    "criteria": {
      "custom_test_name": "2024-05-19 03:23:07 +0000"
    },
    "done": true
  },
  "irons_spellbooks:grant_patchouli": {
    "criteria": {
      "tick": "2024-05-19 03:23:07 +0000"
    },
    "done": true
  },
  "nethervinery:reinforced_warped_planks": {
    "criteria": {
      "has_the_recipe": "2024-05-19 03:23:07 +0000"
    },
    "done": true
  },
  "nethervinery:crimson_wine_rack_mid": {
    "criteria": {
      "has_the_recipe": "2024-05-19 03:23:07 +0000"
    },
    "done": true
  },
  "vinery:main/root": {
    "criteria": {
      "seeds": "2024-05-19 03:23:07 +0000"
    },
    "done": true
  },
  "stellarity:story/drop_rare_illager_loot": {
    "criteria": {
      "drop3": "2024-05-19 03:23:08 +0000",
      "drop4": "2024-05-19 03:23:08 +0000"
    },
    "done": true
  },
  "stellarity:cursed_tome/spellbooks/conveyance": {
    "criteria": {
      "requirement": "2024-05-19 03:23:08 +0000"
    },
    "done": true
  },
  "stellarity:cursed_tome/spellbooks/updraft": {
    "criteria": {
      "requirement": "2024-05-19 03:23:08 +0000"
    },
    "done": true
  },
  "stellarity:cursed_tome/spellbooks/light": {
    "criteria": {
      "requirement": "2024-05-19 03:23:08 +0000"
    },
    "done": true
  },
  "stellarity:dragons_den/cursed_tome/items/spellbooks/unlock_conveyance": {
    "criteria": {
      "requirement": "2024-05-19 03:23:08 +0000"
    },
    "done": true
  },
  "stellarity:cursed_tome/spellbooks/natures_wrath": {
    "criteria": {
      "requirement": "2024-05-19 03:23:08 +0000"
    },
    "done": true
  },
  "stellarity:dragons_den/cursed_tome/items/spellbooks/unlock_updraft": {
    "criteria": {
      "requirement": "2024-05-19 03:23:08 +0000"
    },
    "done": true
  },
  "stellarity:dragons_den/cursed_tome/items/spellbooks/unlock_light": {
    "criteria": {
      "requirement": "2024-05-19 03:23:08 +0000"
    },
    "done": true
  },
  "regions_unexplored:regions_explored": {
    "criteria": {
      "silver_birch_forest": "2024-05-19 03:30:51 +0000",
      "autumnal_maple_forest": "2024-05-19 03:30:34 +0000",
      "frozen_tundra": "2024-05-19 03:23:09 +0000",
      "redstone_caves": "2024-05-21 01:21:00 +0000",
      "scorching_caves": "2024-05-21 01:26:55 +0000",
      "maple_forest": "2024-05-19 03:30:41 +0000",
      "frozen_pine_taiga": "2024-05-19 04:09:16 +0000",
      "mountains": "2024-05-19 19:18:27 +0000",
      "cold_boreal_taiga": "2024-05-19 04:08:35 +0000",
      "cold_river": "2024-05-19 04:07:41 +0000",
      "pine_slopes": "2024-05-19 19:18:26 +0000",
      "icy_heights": "2024-05-19 04:24:06 +0000"
    },
    "done": false
  },
  "regions_unexplored:pioneer": {
    "criteria": {
      "silver_birch_forest": "2024-05-19 03:30:51 +0000",
      "autumnal_maple_forest": "2024-05-19 03:30:34 +0000",
      "frozen_tundra": "2024-05-19 03:23:09 +0000",
      "maple_forest": "2024-05-19 03:30:41 +0000",
      "frozen_pine_taiga": "2024-05-19 04:09:16 +0000",
      "mountains": "2024-05-19 19:18:27 +0000",
      "cold_boreal_taiga": "2024-05-19 04:08:35 +0000",
      "cold_river": "2024-05-19 04:07:41 +0000",
      "pine_slopes": "2024-05-19 19:18:26 +0000",
      "icy_heights": "2024-05-19 04:24:06 +0000"
    },
    "done": false
  },
  "tombstone:adventure/root": {
    "criteria": {
      "auto": "2024-05-19 03:23:09 +0000"
    },
    "done": true
  },
  "regions_unexplored:parent": {
    "criteria": {
      "load_in_world": "2024-05-19 03:23:09 +0000"
    },
    "done": true
  },
  "lootr:1chest": {
    "criteria": {
      "opened_chest": "2024-05-19 03:24:41 +0000"
    },
    "done": true
  },
  "lootr:social": {
    "criteria": {
      "opened_barrel": "2024-05-19 20:27:22 +0000",
      "opened_chest": "2024-05-19 03:24:41 +0000"
    },
    "done": false
  },
  "immersive_aircraft:misc/aircraftery": {
    "criteria": {
      "has_item": "2024-05-19 03:24:59 +0000"
    },
    "done": true
  },
  "minecraft:story/smelt_iron": {
    "criteria": {
      "iron": "2024-05-19 03:24:59 +0000"
    },
    "done": true
  },
  "iceandfire:iceandfire/rotten_egg": {
    "criteria": {
      "bestiary": "2024-05-19 03:27:07 +0000"
    },
    "done": true
  },
  "iceandfire:iceandfire/tame_cockatrice": {
    "criteria": {
      "tame_rat": "2024-05-19 03:27:08 +0000"
    },
    "done": true
  },
  "minecraft:husbandry/tame_an_animal": {
    "criteria": {
      "tamed_animal": "2024-05-19 03:27:08 +0000"
    },
    "done": true
  },
  "minecraft:adventure/adventuring_time": {
    "criteria": {
      "minecraft:frozen_river": "2024-05-19 03:27:29 +0000",
      "minecraft:snowy_taiga": "2024-05-19 20:18:29 +0000",
      "minecraft:grove": "2024-05-19 18:34:25 +0000",
      "minecraft:deep_dark": "2024-05-21 01:37:53 +0000"
    },
    "done": false
  },
  "artifacts:amateur_archaeologist": {
    "criteria": {
      "find_artifact": "2024-05-19 03:28:23 +0000"
    },
    "done": true
  },
  "minecraft:story/obtain_armor": {
    "criteria": {
      "iron_chestplate": "2024-05-19 03:28:49 +0000"
    },
    "done": true
  },
  "apotheosis:affix/root": {
    "criteria": {
      "sword": "2024-05-19 03:28:49 +0000"
    },
    "done": true
  },
  "vinery:main/get_apple": {
    "criteria": {
      "apple": "2024-05-19 03:29:02 +0000"
    },
    "done": true
  },
  "minecraft:husbandry/balanced_diet": {
    "criteria": {
      "cooked_porkchop": "2024-05-19 18:50:35 +0000",
      "chorus_fruit": "2024-05-19 18:51:18 +0000",
      "cooked_beef": "2024-05-19 19:00:53 +0000",
      "baked_potato": "2024-05-19 18:52:56 +0000",
      "apple": "2024-05-19 03:29:06 +0000",
      "golden_apple": "2024-05-19 20:04:21 +0000",
      "bread": "2024-05-19 21:05:15 +0000",
      "melon_slice": "2024-05-21 01:59:21 +0000",
      "cooked_chicken": "2024-05-19 18:55:06 +0000"
    },
    "done": false
  },
  "minecraft:husbandry/root": {
    "criteria": {
      "consumed_item": "2024-05-19 03:29:06 +0000"
    },
    "done": true
  },
  "aquamirae:adventure/root": {
    "criteria": {
      "crafting_table": "2024-05-19 03:29:43 +0000"
    },
    "done": true
  },
  "minecraft:story/root": {
    "criteria": {
      "crafting_table": "2024-05-19 03:29:43 +0000"
    },
    "done": true
  },
  "minecraft:story/iron_tools": {
    "criteria": {
      "iron_pickaxe": "2024-05-19 03:29:54 +0000"
    },
    "done": true
  },
  "minecraft:adventure/root": {
    "criteria": {
      "killed_something": "2024-05-19 03:30:53 +0000"
    },
    "done": true
  },
  "minecraft:adventure/kill_all_mobs": {
    "criteria": {
      "minecraft:skeleton": "2024-05-19 03:30:53 +0000",
      "minecraft:spider": "2024-05-19 03:31:41 +0000",
      "minecraft:creeper": "2024-05-21 01:13:38 +0000",
      "minecraft:silverfish": "2024-05-19 19:07:35 +0000",
      "minecraft:stray": "2024-05-19 19:02:06 +0000",
      "minecraft:zombie": "2024-05-19 18:46:12 +0000",
      "minecraft:zombie_villager": "2024-05-19 20:20:02 +0000"
    },
    "done": false
  },
  "minecraft:adventure/kill_a_mob": {
    "criteria": {
      "minecraft:skeleton": "2024-05-19 03:30:53 +0000"
    },
    "done": true
  },
  "stellarity:events/on_death": {
    "criteria": {
      "requirement": "2024-05-19 03:30:57 +0000"
    },
    "done": true
  },
  "tombstone:adventure/first_grave": {
    "criteria": {
      "coded_trigger": "2024-05-19 03:30:57 +0000"
    },
    "done": true
  },
  "tombstone:recipes/from_grave_key": {
    "criteria": {
      "has_ingredient": "2024-05-19 03:30:59 +0000"
    },
    "done": true
  },
  "tombstone:adventure/enchant_grave_key": {
    "criteria": {
      "has_upgraded_grave_key": "2024-05-19 03:30:59 +0000"
    },
    "done": true
  },
  "tombstone:adventure/teleport_to_grave": {
    "criteria": {
      "coded_trigger": "2024-05-19 03:31:06 +0000"
    },
    "done": true
  },
  "tombstone:adventure/first_knowledge": {
    "criteria": {
      "coded_trigger": "2024-05-19 03:31:06 +0000"
    },
    "done": true
  },
  "apotheosis:affix/gem": {
    "criteria": {
      "gem": "2024-05-19 03:31:25 +0000"
    },
    "done": true
  },
  "apotheosis:affix/rare_gem": {
    "criteria": {
      "gem": "2024-05-19 03:31:25 +0000"
    },
    "done": true
  },
  "apotheosis:affix/chests": {
    "criteria": {
      "sword": "2024-05-19 03:31:26 +0000"
    },
    "done": true
  },
  "regions_unexplored:got_wood": {
    "criteria": {
      "silver_birch_log": "2024-05-19 03:32:38 +0000",
      "maple_log": "2024-05-19 21:57:46 +0000"
    },
    "done": false
  },
  "quark:get_all_blossom_saplings": {
    "criteria": {
      "orange": "2024-05-19 03:37:36 +0000",
      "red": "2024-05-19 03:37:38 +0000",
      "blue": "2024-05-19 04:22:44 +0000",
      "lavender": "2024-05-19 03:37:37 +0000"
    },
    "done": false
  },
  "apotheosis:spawner/capturing": {
    "criteria": {
      "egg": "2024-05-19 03:39:43 +0000"
    },
    "done": true
  },
  "farmersdelight:main/place_cooking_pot": {
    "criteria": {
      "cooking_pot": "2024-05-19 03:41:23 +0000"
    },
    "done": true
  },
  "farmersdelight:main/place_campfire": {
    "criteria": {
      "campfire": "2024-05-19 03:41:37 +0000"
    },
    "done": true
  },
  "farmersdelight:main/place_skillet": {
    "criteria": {
      "skillet": "2024-05-19 03:41:38 +0000"
    },
    "done": true
  },
  "croptopia:knife": {
    "criteria": {
      "knife": "2024-05-19 03:41:52 +0000"
    },
    "done": true
  },
  "farmersdelight:main/craft_knife": {
    "criteria": {
      "iron_knife": "2024-05-19 03:41:52 +0000"
    },
    "done": true
  },
  "stellarity:story/obtain_an_ender_pearl": {
    "criteria": {
      "criteria": "2024-05-19 03:43:06 +0000"
    },
    "done": true
  },
  "minecraft:story/mine_stone": {
    "criteria": {
      "get_stone": "2024-05-19 03:45:52 +0000"
    },
    "done": true
  },
  "tombstone:adventure/cancel_ghostly_shape": {
    "criteria": {
      "coded_trigger": "2024-05-19 03:49:36 +0000"
    },
    "done": true
  },
  "tombstone:recipes/from_grave_dust": {
    "criteria": {
      "has_ingredient": "2024-05-19 03:49:58 +0000"
    },
    "done": true
  },
  "regions_unexplored:every_bit_of_the_rainbow": {
    "criteria": {
      "white_snowbelle": "2024-05-19 03:52:53 +0000"
    },
    "done": false
  },
  "minecraft:adventure/sleep_in_bed": {
    "criteria": {
      "slept_in_bed": "2024-05-19 03:56:12 +0000"
    },
    "done": true
  },
  "apotheosis:affix/random": {
    "criteria": {
      "sword": "2024-05-19 03:57:33 +0000"
    },
    "done": true
  },
  "minecraft:husbandry/plant_seed": {
    "criteria": {
      "beetroots": "2024-05-19 04:18:28 +0000"
    },
    "done": true
  },
  "farmersdelight:main/plant_all_crops": {
    "criteria": {
      "cabbage": "2024-05-19 21:51:51 +0000",
      "onion": "2024-05-19 21:50:45 +0000",
      "tomato": "2024-05-19 21:52:26 +0000",
      "beetroot": "2024-05-19 04:18:28 +0000",
      "wheat": "2024-05-19 19:48:20 +0000",
      "carrot": "2024-05-19 21:53:53 +0000"
    },
    "done": false
  },
  "lootr:10loot": {
    "criteria": {
      "loot_stat": "2024-05-19 04:26:00 +0000"
    },
    "done": true
  },
  "minecraft:story/mine_diamond": {
    "criteria": {
      "diamond": "2024-05-19 04:27:59 +0000"
    },
    "done": true
  },
  "tombstone:adventure/create_magic_tablet": {
    "criteria": {
      "has_magic_tablet": "2024-05-19 04:28:01 +0000"
    },
    "done": true
  },
  "simplyswords:simplyswords": {
    "criteria": {
      "requirement": "2024-05-19 04:28:54 +0000"
    },
    "done": true
  },
  "lootr:25loot": {
    "criteria": {
      "loot_stat": "2024-05-19 04:29:28 +0000"
    },
    "done": true
  },
  "farmersdelight:main/use_cutting_board": {
    "criteria": {
      "cutting_board": "2024-05-19 18:39:39 +0000"
    },
    "done": true
  },
  "farmersdelight:main/harvest_straw": {
    "criteria": {
      "harvest_straw": "2024-05-19 18:40:42 +0000"
    },
    "done": true
  },
  "croptopia:root": {
    "criteria": {
      "root": "2024-05-19 18:41:24 +0000"
    },
    "done": true
  },
  "tombstone:adventure/ashes_and_bones": {
    "criteria": {
      "coded_trigger": "2024-05-19 18:49:38 +0000"
    },
    "done": true
  },
  "enemyexpansion:hunted": {
    "criteria": {
      "hunted_0": "2024-05-19 18:49:44 +0000"
    },
    "done": true
  },
  "tombstone:adventure/choose_knowledge": {
    "criteria": {
      "coded_trigger": "2024-05-19 18:49:47 +0000"
    },
    "done": true
  },
  "stellarity:husbandry/eat_chorus_fruit": {
    "criteria": {
      "eat_chorus_fruit": "2024-05-19 18:51:18 +0000"
    },
    "done": true
  },
  "lootr:50loot": {
    "criteria": {
      "loot_stat": "2024-05-19 18:55:07 +0000"
    },
    "done": true
  },
  "tombstone:adventure/chain_death": {
    "criteria": {
      "coded_trigger": "2024-05-19 18:56:18 +0000"
    },
    "done": true
  },
  "apotheosis:enchanting/enchanter": {
    "criteria": {
      "enchanting_table": "2024-05-19 18:57:47 +0000"
    },
    "done": true
  },
  "evilcraft:evil_source": {
    "criteria": {
      "criteria_0": "2024-05-19 18:58:46 +0000"
    },
    "done": true
  },
  "stellarity:cursed_tome/sabrewing": {
    "criteria": {
      "requirement": "2024-05-19 19:02:08 +0000"
    },
    "done": true
  },
  "stellarity:dragons_den/cursed_tome/items/unlock_sabrewing": {
    "criteria": {
      "requirement": "2024-05-19 19:02:08 +0000"
    },
    "done": true
  },
  "apotheosis:affix/rare": {
    "criteria": {
      "sword": "2024-05-19 19:03:22 +0000"
    },
    "done": true
  },
  "tombstone:adventure/create_magic_scroll": {
    "criteria": {
      "has_magic_scroll": "2024-05-19 19:06:28 +0000"
    },
    "done": true
  },
  "apotheosis:affix/boss": {
    "criteria": {
      "sword": "2024-05-19 19:16:04 +0000"
    },
    "done": true
  },
  "ars_nouveau:warp_scroll": {
    "criteria": {
      "has_warp_scroll": "2024-05-19 19:16:39 +0000"
    },
    "done": true
  },
  "lootr:100loot": {
    "criteria": {
      "loot_stat": "2024-05-19 19:22:53 +0000"
    },
    "done": true
  },
  "alexscaves:alexscaves/diving_armor": {
    "criteria": {
      "shirt": "2024-05-19 19:22:57 +0000"
    },
    "done": false
  },
  "minecraft:story/form_obsidian": {
    "criteria": {
      "obsidian": "2024-05-19 19:23:59 +0000"
    },
    "done": true
  },
  "evilcraft:root": {
    "criteria": {
      "criteria_0": "2024-05-19 19:24:58 +0000"
    },
    "done": true
  },
  "evilcraft:first_age": {
    "criteria": {
      "criteria_0": "2024-05-19 19:24:58 +0000"
    },
    "done": true
  },
  "minecraft:story/shiny_gear": {
    "criteria": {
      "diamond_helmet": "2024-05-19 19:26:00 +0000"
    },
    "done": true
  },
  "ancient_elements:hammer_time": {
    "criteria": {
      "hammer_time": "2024-05-19 19:31:01 +0000"
    },
    "done": true
  },
  "tombstone:adventure/use_aquatic_life": {
    "criteria": {
      "has_magic_scroll": "2024-05-19 19:46:17 +0000"
    },
    "done": true
  },
  "tombstone:adventure/use_knowledge": {
    "criteria": {
      "coded_trigger": "2024-05-19 19:46:36 +0000"
    },
    "done": true
  },
  "tombstone:adventure/use_reach": {
    "criteria": {
      "has_magic_scroll": "2024-05-19 19:46:41 +0000"
    },
    "done": true
  },
  "tombstone:adventure/use_unstable_intangibility": {
    "criteria": {
      "has_magic_scroll": "2024-05-19 19:46:51 +0000"
    },
    "done": true
  },
  "tombstone:adventure/use_guard": {
    "criteria": {
      "coded_trigger": "2024-05-19 19:47:10 +0000"
    },
    "done": true
  },
  "tombstone:recipes/from_white_marble": {
    "criteria": {
      "has_ingredient": "2024-05-19 19:51:00 +0000"
    },
    "done": true
  },
  "tombstone:adventure/create_grave_marble": {
    "criteria": {
      "has_grave_marble": "2024-05-19 19:51:00 +0000"
    },
    "done": true
  },
  "tombstone:adventure/create_strange_tablet": {
    "criteria": {
      "has_strange_tablet": "2024-05-19 19:51:06 +0000"
    },
    "done": true
  },
  "tombstone:adventure/combine_in_inventory": {
    "criteria": {
      "coded_trigger": "2024-05-19 20:01:09 +0000"
    },
    "done": true
  },
  "tombstone:adventure/create_voodoo_poppet": {
    "criteria": {
      "has_voodoo_poppet": "2024-05-19 20:13:47 +0000"
    },
    "done": true
  },
  "tombstone:adventure/enchant_voodoo_poppet": {
    "criteria": {
      "has_enchanted_voodoo_poppet": "2024-05-19 20:13:47 +0000"
    },
    "done": true
  },
  "farmersdelight:main/get_fd_seed": {
    "criteria": {
      "tomato_seeds": "2024-05-19 20:14:01 +0000"
    },
    "done": true
  },
  "lootr:1barrel": {
    "criteria": {
      "opened_barrel": "2024-05-19 20:27:22 +0000"
    },
    "done": true
  },
  "croptopia:gather_food": {
    "criteria": {
      "glowing_calamari": "2024-05-19 20:32:06 +0000"
    },
    "done": false
  },
  "artifacts:chest_slayer": {
    "criteria": {
      "kill_mimic": "2024-05-19 20:32:55 +0000"
    },
    "done": true
  },
  "quark:mine_toretoise": {
    "criteria": {
      "mine_toretoise": "2024-05-19 20:39:58 +0000"
    },
    "done": true
  },
  "apotheotic_additions:main/apotheotic_coin": {
    "criteria": {
      "inventory_changed": "2024-05-19 20:41:47 +0000"
    },
    "done": true
  },
  "apotheotic_additions:affix/materials": {
    "criteria": {
      "material": "2024-05-19 20:41:48 +0000"
    },
    "done": true
  },
  "supplementaries:adventure/way_sign": {
    "criteria": {
      "bastion": "2024-05-19 20:45:20 +0000"
    },
    "done": true
  },
  "tombstone:adventure/find_grave_dust": {
    "criteria": {
      "from_undead": "2024-05-19 20:46:18 +0000"
    },
    "done": true
  },
  "idas:winter_wagon": {
    "criteria": {
      "in_winter_wagon": "2024-05-19 20:46:33 +0000"
    },
    "done": true
  },
  "create:copper": {
    "criteria": {
      "0": "2024-05-19 20:49:39 +0000"
    },
    "done": true
  },
  "immersive_melodies:misc/instruments": {
    "criteria": {
      "has_item": "2024-05-19 20:49:39 +0000"
    },
    "done": true
  },
  "endrem:main/root": {
    "criteria": {
      "lost_eye": "2024-05-19 20:54:12 +0000"
    },
    "done": true
  },
  "endrem:main/lost_eye": {
    "criteria": {
      "lost_eye": "2024-05-19 20:54:12 +0000"
    },
    "done": true
  },
  "alexscaves:alexscaves/root": {
    "criteria": {
      "underground_cabin": "2024-05-19 21:01:59 +0000"
    },
    "done": true
  },
  "tombstone:adventure/use_preservation": {
    "criteria": {
      "has_magic_scroll": "2024-05-19 21:05:25 +0000"
    },
    "done": true
  },
  "apotheosis:enchanting/bookshelf": {
    "criteria": {
      "bookshelf": "2024-05-19 21:07:49 +0000"
    },
    "done": true
  },
  "apotheosis:enchanting/enchanting_stats": {
    "criteria": {
      "enchanted_item": "2024-05-19 21:18:55 +0000"
    },
    "done": true
  },
  "apotheosis:enchanting/30ench": {
    "criteria": {
      "enchanted_item": "2024-05-19 21:18:55 +0000"
    },
    "done": true
  },
  "minecraft:story/enchant_item": {
    "criteria": {
      "enchanted_item": "2024-05-19 21:18:55 +0000"
    },
    "done": true
  },
  "minecraft:adventure/trade": {
    "criteria": {
      "traded": "2024-05-19 21:22:00 +0000"
    },
    "done": true
  },
  "twilightforest:twilight_dinner": {
    "criteria": {
      "raw_meef": "2024-05-19 21:28:43 +0000"
    },
    "done": false
  },
  "ancient_elements:drillmaster_extraordinaire": {
    "criteria": {
      "drillmaster_extraordinaire": "2024-05-19 21:32:30 +0000"
    },
    "done": true
  },
  "croptopia:gather_jungle": {
    "criteria": {
      "greenonion_seed": "2024-05-19 21:50:57 +0000"
    },
    "done": false
  },
  "croptopia:gather_all": {
    "criteria": {
      "greenonion_seed": "2024-05-19 21:50:57 +0000"
    },
    "done": false
  },
  "iceandfire:iceandfire/kill_if_dragon": {
    "criteria": {
      "killed_ice_dragon": "2024-05-21 01:19:54 +0000"
    },
    "done": true
  },
  "regions_unexplored:spelunker": {
    "criteria": {
      "redstone_caves": "2024-05-21 01:21:00 +0000",
      "scorching_caves": "2024-05-21 01:26:55 +0000"
    },
    "done": false
  },
  "irons_spellbooks:irons_spellbooks/staff_root": {
    "criteria": {
      "requirement": "2024-05-21 01:26:42 +0000"
    },
    "done": true
  },
  "alexscaves:alexscaves/primordial_armor": {
    "criteria": {
      "helmet": "2024-05-21 01:30:26 +0000"
    },
    "done": false
  },
  "minecraft:adventure/avoid_vibration": {
    "criteria": {
      "avoid_vibration": "2024-05-21 01:38:23 +0000"
    },
    "done": true
  },
  "apotheosis:affix/mythic_gem": {
    "criteria": {
      "gem": "2024-05-21 01:43:09 +0000"
    },
    "done": true
  },
  "simplyswords:runic_weapon": {
    "criteria": {
      "requirement": "2024-05-21 01:51:13 +0000"
    },
    "done": true
  },
  "simplyswords:soulstealer": {
    "criteria": {
      "requirement": "2024-05-21 02:05:17 +0000"
    },
    "done": true
  },
  "irons_spellbooks:irons_spellbooks/ink_root": {
    "criteria": {
      "requirement": "2024-05-21 02:15:59 +0000"
    },
    "done": true
  },
  "irons_spellbooks:irons_spellbooks/ink_legendary": {
    "criteria": {
      "requirement": "2024-05-21 02:15:59 +0000"
    },
    "done": true
  },
  "minecraft:adventure/kill_mob_near_sculk_catalyst": {
    "criteria": {
      "kill_mob_near_sculk_catalyst": "2024-05-21 02:17:16 +0000"
    },
    "done": true
  },
  "alexscaves:alexscaves/cave_book": {
    "criteria": {
      "cave_book": "2024-05-21 02:51:14 +0000"
    },
    "done": true
  },
  "bosses_of_mass_destruction:adventure/void_blossom_defeat": {
    "criteria": {
      "bosses_of_mass_destruction:void_blossom": "2024-05-21 02:37:19 +0000"
    },
    "done": true
  },
  "alexscaves:alexscaves/cave_tablet": {
    "criteria": {
      "cave_tablet": "2024-05-21 02:51:14 +0000"
    },
    "done": true
  },
  "tombstone:adventure/use_cupidity": {
    "criteria": {
      "coded_trigger": "2024-05-21 02:44:13 +0000"
    },
    "done": true
  },
  "DataVersion": 3465
}