{
  "iceandfire:iceandfire/root": {
    "criteria": {
      "tick": "2024-05-19 03:42:14 +0000"
    },
    "done": true
  },
  "nethervinery:crimson_apple_press": {
    "criteria": {
      "has_the_recipe": "2024-05-19 03:42:14 +0000"
    },
    "done": true
  },
  "idas:idas_root": {
    "criteria": {
      "always": "2024-05-19 03:42:14 +0000"
    },
    "done": true
  },
  "nethervinery:warped_wine_rack_mid": {
    "criteria": {
      "has_the_recipe": "2024-05-19 03:42:14 +0000"
    },
    "done": true
  },
  "nethervinery:crimson_nether_bag": {
    "criteria": {
      "has_the_recipe": "2024-05-19 03:42:14 +0000"
    },
    "done": true
  },
  "stellarity:dragons_den/cursed_tome/root": {
    "criteria": {
      "requirement": "2024-05-19 03:42:14 +0000"
    },
    "done": true
  },
  "ancient_elements:ancient_elements": {
    "criteria": {
      "ancient_elements": "2024-05-19 03:42:14 +0000"
    },
    "done": true
  },
  "nethervinery:warped_grapevine_pot": {
    "criteria": {
      "has_the_recipe": "2024-05-19 03:42:14 +0000"
    },
    "done": true
  },
  "dungeons_arise:wda_root": {
    "criteria": {
      "WDA": "2024-05-19 03:42:14 +0000"
    },
    "done": true
  },
  "nethervinery:warped_wine_rack_small": {
    "criteria": {
      "has_the_recipe": "2024-05-19 03:42:14 +0000"
    },
    "done": true
  },
  "nethervinery:crested_crimson_planks": {
    "criteria": {
      "has_the_recipe": "2024-05-19 03:42:14 +0000"
    },
    "done": true
  },
  "nethervinery:obsidian_stem": {
    "criteria": {
      "has_the_recipe": "2024-05-19 03:42:14 +0000"
    },
    "done": true
  },
  "nethervinery:warped_grape_seeds": {
    "criteria": {
      "has_the_recipe": "2024-05-19 03:42:14 +0000"
    },
    "done": true
  },
  "stellarity:story/drop_rare_illager_loot": {
    "criteria": {
      "drop3": "2024-05-19 03:42:14 +0000",
      "drop4": "2024-05-19 03:42:14 +0000"
    },
    "done": true
  },
  "ars_nouveau:root": {
    "criteria": {
      "ars_nouveau:worn_notebook": "2024-05-19 03:42:14 +0000"
    },
    "done": true
  },
  "farmersdelight:main/root": {
    "criteria": {
      "seeds": "2024-05-19 03:42:14 +0000"
    },
    "done": true
  },
  "stellarity:cursed_tome/spellbooks/conveyance": {
    "criteria": {
      "requirement": "2024-05-19 03:42:14 +0000"
    },
    "done": true
  },
  "nethervinery:crested_warped_planks": {
    "criteria": {
      "has_the_recipe": "2024-05-19 03:42:14 +0000"
    },
    "done": true
  },
  "create:root": {
    "criteria": {
      "0": "2024-05-19 03:42:14 +0000"
    },
    "done": true
  },
  "naturescompass:natures_compass_log": {
    "criteria": {
      "has_recipe": "2024-05-19 03:42:14 +0000"
    },
    "done": true
  },
  "simplyswords:grant_book_on_first_join": {
    "criteria": {
      "tick": "2024-05-19 03:42:14 +0000"
    },
    "done": true
  },
  "nethervinery:warped_apple_press": {
    "criteria": {
      "has_the_recipe": "2024-05-19 03:42:14 +0000"
    },
    "done": true
  },
  "nethervinery:crimson_wine_rack_small": {
    "criteria": {
      "has_the_recipe": "2024-05-19 03:42:14 +0000"
    },
    "done": true
  },
  "nethervinery:warped_fermentation_barrel": {
    "criteria": {
      "has_the_recipe": "2024-05-19 03:42:14 +0000"
    },
    "done": true
  },
  "stellarity:cursed_tome/root": {
    "criteria": {
      "requirement": "2024-05-19 03:42:14 +0000"
    },
    "done": true
  },
  "nethervinery:crimson_grape_crate": {
    "criteria": {
      "has_the_recipe": "2024-05-19 03:42:14 +0000"
    },
    "done": true
  },
  "naturescompass:natures_compass": {
    "criteria": {
      "has_recipe": "2024-05-19 03:42:14 +0000"
    },
    "done": true
  },
  "stellarity:cursed_tome/spellbooks/updraft": {
    "criteria": {
      "requirement": "2024-05-19 03:42:14 +0000"
    },
    "done": true
  },
  "naturescompass:natures_compass_sapling": {
    "criteria": {
      "has_recipe": "2024-05-19 03:42:14 +0000"
    },
    "done": true
  },
  "stellarity:cursed_tome/spellbooks/light": {
    "criteria": {
      "requirement": "2024-05-19 03:42:14 +0000"
    },
    "done": true
  },
  "nethervinery:improved_nether_fizz": {
    "criteria": {
      "has_the_recipe": "2024-05-19 03:42:14 +0000"
    },
    "done": true
  },
  "nethervinery:crimson_grape_seeds": {
    "criteria": {
      "has_the_recipe": "2024-05-19 03:42:14 +0000"
    },
    "done": true
  },
  "stellarity:dragons_den/cursed_tome/items/spellbooks/unlock_conveyance": {
    "criteria": {
      "requirement": "2024-05-19 03:42:14 +0000"
    },
    "done": true
  },
  "nethervinery:warped_grape_crate": {
    "criteria": {
      "has_the_recipe": "2024-05-19 03:42:14 +0000"
    },
    "done": true
  },
  "nethervinery:reinforced_crimson_planks": {
    "criteria": {
      "has_the_recipe": "2024-05-19 03:42:14 +0000"
    },
    "done": true
  },
  "nethervinery:crimson_fermentation_barrel": {
    "criteria": {
      "has_the_recipe": "2024-05-19 03:42:14 +0000"
    },
    "done": true
  },
  "stellarity:cursed_tome/spellbooks/natures_wrath": {
    "criteria": {
      "requirement": "2024-05-19 03:42:14 +0000"
    },
    "done": true
  },
  "lootr:root": {
    "criteria": {
      "always_true": "2024-05-19 03:42:14 +0000"
    },
    "done": true
  },
  "nethervinery:warped_nether_bag": {
    "criteria": {
      "has_the_recipe": "2024-05-19 03:42:14 +0000"
    },
    "done": true
  },
  "stellarity:dragons_den/cursed_tome/items/spellbooks/unlock_updraft": {
    "criteria": {
      "requirement": "2024-05-19 03:42:14 +0000"
    },
    "done": true
  },
  "nethervinery:crimson_grapevine_pot": {
    "criteria": {
      "has_the_recipe": "2024-05-19 03:42:14 +0000"
    },
    "done": true
  },
  "apotheosis:give_book": {
    "criteria": {
      "tick": "2024-05-19 03:42:14 +0000"
    },
    "done": true
  },
  "parcool:grant_parcool_guide": {
    "criteria": {
      "tick": "2024-05-19 03:42:14 +0000"
    },
    "done": true
  },
  "nethervinery:improved_lava_fizz": {
    "criteria": {
      "has_the_recipe": "2024-05-19 03:42:14 +0000"
    },
    "done": true
  },
  "cataclysm:root": {
    "criteria": {
      "custom_test_name": "2024-05-19 03:42:14 +0000"
    },
    "done": true
  },
  "irons_spellbooks:grant_patchouli": {
    "criteria": {
      "tick": "2024-05-19 03:42:14 +0000"
    },
    "done": true
  },
  "stellarity:dragons_den/cursed_tome/items/spellbooks/unlock_light": {
    "criteria": {
      "requirement": "2024-05-19 03:42:14 +0000"
    },
    "done": true
  },
  "nethervinery:reinforced_warped_planks": {
    "criteria": {
      "has_the_recipe": "2024-05-19 03:42:14 +0000"
    },
    "done": true
  },
  "nethervinery:crimson_wine_rack_mid": {
    "criteria": {
      "has_the_recipe": "2024-05-19 03:42:14 +0000"
    },
    "done": true
  },
  "vinery:main/root": {
    "criteria": {
      "seeds": "2024-05-19 03:42:14 +0000"
    },
    "done": true
  },
  "regions_unexplored:regions_explored": {
    "criteria": {
      "silver_birch_forest": "2024-05-19 03:55:50 +0000",
      "autumnal_maple_forest": "2024-05-19 03:55:35 +0000",
      "frozen_tundra": "2024-05-19 03:42:15 +0000",
      "redstone_caves": "2024-05-19 21:55:37 +0000",
      "scorching_caves": "2024-05-19 21:38:06 +0000",
      "frozen_pine_taiga": "2024-05-19 03:57:46 +0000",
      "maple_forest": "2024-05-19 03:56:06 +0000",
      "cold_boreal_taiga": "2024-05-19 19:45:16 +0000",
      "icy_heights": "2024-05-19 04:00:48 +0000"
    },
    "done": false
  },
  "regions_unexplored:pioneer": {
    "criteria": {
      "silver_birch_forest": "2024-05-19 03:55:50 +0000",
      "autumnal_maple_forest": "2024-05-19 03:55:35 +0000",
      "frozen_tundra": "2024-05-19 03:42:15 +0000",
      "frozen_pine_taiga": "2024-05-19 03:57:46 +0000",
      "maple_forest": "2024-05-19 03:56:06 +0000",
      "cold_boreal_taiga": "2024-05-19 19:45:16 +0000",
      "icy_heights": "2024-05-19 04:00:48 +0000"
    },
    "done": false
  },
  "tombstone:adventure/root": {
    "criteria": {
      "auto": "2024-05-19 03:42:15 +0000"
    },
    "done": true
  },
  "regions_unexplored:parent": {
    "criteria": {
      "load_in_world": "2024-05-19 03:42:15 +0000"
    },
    "done": true
  },
  "minecraft:adventure/adventuring_time": {
    "criteria": {
      "minecraft:frozen_river": "2024-05-19 03:43:21 +0000",
      "minecraft:snowy_plains": "2024-05-19 20:33:17 +0000",
      "minecraft:snowy_taiga": "2024-05-19 21:27:48 +0000",
      "minecraft:lush_caves": "2024-05-19 19:47:21 +0000"
    },
    "done": false
  },
  "lootr:1chest": {
    "criteria": {
      "opened_chest": "2024-05-19 03:45:06 +0000"
    },
    "done": true
  },
  "lootr:social": {
    "criteria": {
      "opened_barrel": "2024-05-19 20:34:38 +0000",
      "opened_chest": "2024-05-19 03:45:06 +0000"
    },
    "done": false
  },
  "minecraft:adventure/root": {
    "criteria": {
      "killed_something": "2024-05-19 03:49:25 +0000"
    },
    "done": true
  },
  "vinery:main/get_apple": {
    "criteria": {
      "apple": "2024-05-19 03:52:24 +0000"
    },
    "done": true
  },
  "minecraft:story/iron_tools": {
    "criteria": {
      "iron_pickaxe": "2024-05-19 03:52:25 +0000"
    },
    "done": true
  },
  "apotheosis:affix/root": {
    "criteria": {
      "sword": "2024-05-19 03:52:25 +0000"
    },
    "done": true
  },
  "minecraft:husbandry/balanced_diet": {
    "criteria": {
      "cooked_beef": "2024-05-19 04:03:55 +0000",
      "baked_potato": "2024-05-19 04:22:55 +0000",
      "bread": "2024-05-19 03:55:07 +0000",
      "golden_apple": "2024-05-19 20:33:15 +0000",
      "rotten_flesh": "2024-05-19 20:39:28 +0000",
      "carrot": "2024-05-19 20:56:10 +0000"
    },
    "done": false
  },
  "minecraft:husbandry/root": {
    "criteria": {
      "consumed_item": "2024-05-19 03:55:07 +0000"
    },
    "done": true
  },
  "stellarity:events/on_death": {
    "criteria": {
      "requirement": "2024-05-19 03:55:53 +0000"
    },
    "done": true
  },
  "tombstone:adventure/first_grave": {
    "criteria": {
      "coded_trigger": "2024-05-19 03:55:53 +0000"
    },
    "done": true
  },
  "tombstone:recipes/from_grave_key": {
    "criteria": {
      "has_ingredient": "2024-05-19 03:55:55 +0000"
    },
    "done": true
  },
  "tombstone:adventure/enchant_grave_key": {
    "criteria": {
      "has_upgraded_grave_key": "2024-05-19 03:55:55 +0000"
    },
    "done": true
  },
  "tombstone:adventure/teleport_to_grave": {
    "criteria": {
      "coded_trigger": "2024-05-19 03:56:01 +0000"
    },
    "done": true
  },
  "tombstone:adventure/first_knowledge": {
    "criteria": {
      "coded_trigger": "2024-05-19 03:56:01 +0000"
    },
    "done": true
  },
  "apotheosis:affix/rare": {
    "criteria": {
      "sword": "2024-05-19 03:56:32 +0000"
    },
    "done": true
  },
  "apotheosis:affix/chests": {
    "criteria": {
      "sword": "2024-05-19 03:56:32 +0000"
    },
    "done": true
  },
  "tombstone:adventure/chain_death": {
    "criteria": {
      "coded_trigger": "2024-05-19 03:59:31 +0000"
    },
    "done": true
  },
  "tombstone:adventure/cancel_ghostly_shape": {
    "criteria": {
      "coded_trigger": "2024-05-19 03:59:40 +0000"
    },
    "done": true
  },
  "tombstone:recipes/from_grave_dust": {
    "criteria": {
      "has_ingredient": "2024-05-19 03:59:42 +0000"
    },
    "done": true
  },
  "minecraft:adventure/kill_all_mobs": {
    "criteria": {
      "minecraft:skeleton": "2024-05-19 04:03:22 +0000",
      "minecraft:spider": "2024-05-19 04:05:34 +0000",
      "quark:forgotten": "2024-05-19 20:47:16 +0000",
      "minecraft:husk": "2024-05-19 20:51:51 +0000",
      "minecraft:cave_spider": "2024-05-19 04:15:50 +0000",
      "minecraft:silverfish": "2024-05-19 04:20:08 +0000",
      "minecraft:stray": "2024-05-19 04:24:06 +0000",
      "minecraft:zombie": "2024-05-19 04:05:55 +0000"
    },
    "done": false
  },
  "minecraft:adventure/kill_a_mob": {
    "criteria": {
      "minecraft:skeleton": "2024-05-19 04:03:22 +0000"
    },
    "done": true
  },
  "apotheosis:affix/gem": {
    "criteria": {
      "gem": "2024-05-19 04:03:37 +0000"
    },
    "done": true
  },
  "lootr:10loot": {
    "criteria": {
      "loot_stat": "2024-05-19 04:03:56 +0000"
    },
    "done": true
  },
  "apotheosis:affix/mythic_gem": {
    "criteria": {
      "gem": "2024-05-19 04:04:03 +0000"
    },
    "done": true
  },
  "alexscaves:alexscaves/cave_tablet": {
    "criteria": {
      "cave_tablet": "2024-05-19 04:04:04 +0000"
    },
    "done": true
  },
  "evilcraft:evil_source": {
    "criteria": {
      "criteria_0": "2024-05-19 04:04:10 +0000"
    },
    "done": true
  },
  "minecraft:story/obtain_armor": {
    "criteria": {
      "iron_boots": "2024-05-19 04:04:54 +0000"
    },
    "done": true
  },
  "immersive_aircraft:misc/aircraftery": {
    "criteria": {
      "has_item": "2024-05-19 04:05:07 +0000"
    },
    "done": true
  },
  "minecraft:story/smelt_iron": {
    "criteria": {
      "iron": "2024-05-19 04:05:07 +0000"
    },
    "done": true
  },
  "apotheosis:affix/rare_gem": {
    "criteria": {
      "gem": "2024-05-19 04:05:14 +0000"
    },
    "done": true
  },
  "tombstone:adventure/find_grave_dust": {
    "criteria": {
      "from_undead": "2024-05-19 04:05:55 +0000"
    },
    "done": true
  },
  "stellarity:story/obtain_an_ender_pearl": {
    "criteria": {
      "criteria": "2024-05-19 04:06:59 +0000"
    },
    "done": true
  },
  "alexsmobs:alexsmobs/novelty_hat": {
    "criteria": {
      "sopa_de_macaco": "2024-05-19 04:09:00 +0000"
    },
    "done": true
  },
  "apotheosis:affix/random": {
    "criteria": {
      "sword": "2024-05-19 04:09:08 +0000"
    },
    "done": true
  },
  "alexscaves:alexscaves/primordial_armor": {
    "criteria": {
      "helmet": "2024-05-19 04:09:08 +0000"
    },
    "done": false
  },
  "lootr:25loot": {
    "criteria": {
      "loot_stat": "2024-05-19 04:14:34 +0000"
    },
    "done": true
  },
  "tombstone:adventure/ashes_and_bones": {
    "criteria": {
      "coded_trigger": "2024-05-19 04:15:43 +0000"
    },
    "done": true
  },
  "tombstone:adventure/create_magic_scroll": {
    "criteria": {
      "has_magic_scroll": "2024-05-19 04:16:46 +0000"
    },
    "done": true
  },
  "tombstone:adventure/use_unstable_intangibility": {
    "criteria": {
      "has_magic_scroll": "2024-05-19 04:17:01 +0000"
    },
    "done": true
  },
  "tombstone:adventure/choose_knowledge": {
    "criteria": {
      "coded_trigger": "2024-05-19 04:17:18 +0000"
    },
    "done": true
  },
  "apotheosis:spawner/root": {
    "criteria": {
      "spawner": "2024-05-19 04:21:00 +0000"
    },
    "done": true
  },
  "tombstone:adventure/create_magic_tablet": {
    "criteria": {
      "has_magic_tablet": "2024-05-19 04:21:52 +0000"
    },
    "done": true
  },
  "tombstone:adventure/create_familiar_receptacle": {
    "criteria": {
      "has_familiar_receptacle": "2024-05-19 04:22:04 +0000"
    },
    "done": true
  },
  "tombstone:adventure/use_cupidity": {
    "criteria": {
      "coded_trigger": "2024-05-19 04:25:49 +0000"
    },
    "done": true
  },
  "evilcraft:root": {
    "criteria": {
      "criteria_0": "2024-05-19 04:27:38 +0000"
    },
    "done": true
  },
  "minecraft:story/mine_stone": {
    "criteria": {
      "get_stone": "2024-05-19 04:29:36 +0000"
    },
    "done": true
  },
  "tombstone:adventure/use_lightning_resistance": {
    "criteria": {
      "has_magic_scroll": "2024-05-19 04:29:54 +0000"
    },
    "done": true
  },
  "tombstone:adventure/use_frost_resistance": {
    "criteria": {
      "has_magic_scroll": "2024-05-19 04:30:04 +0000"
    },
    "done": true
  },
  "idas:winter_wagon": {
    "criteria": {
      "in_winter_wagon": "2024-05-19 19:10:14 +0000"
    },
    "done": true
  },
  "supplementaries:adventure/globe": {
    "criteria": {
      "unlock": "2024-05-19 19:10:37 +0000"
    },
    "done": true
  },
  "minecraft:story/mine_diamond": {
    "criteria": {
      "diamond": "2024-05-19 19:12:06 +0000"
    },
    "done": true
  },
  "minecraft:husbandry/tadpole_in_a_bucket": {
    "criteria": {
      "tadpole_bucket": "2024-05-19 19:13:05 +0000"
    },
    "done": true
  },
  "lootr:50loot": {
    "criteria": {
      "loot_stat": "2024-05-19 19:13:08 +0000"
    },
    "done": true
  },
  "tombstone:adventure/neighborhood_brawl": {
    "criteria": {
      "coded_trigger": "2024-05-19 19:17:47 +0000"
    },
    "done": true
  },
  "aquamirae:adventure/root": {
    "criteria": {
      "crafting_table": "2024-05-19 19:27:01 +0000"
    },
    "done": true
  },
  "minecraft:story/root": {
    "criteria": {
      "crafting_table": "2024-05-19 19:27:01 +0000"
    },
    "done": true
  },
  "enemyexpansion:hunted": {
    "criteria": {
      "hunted_0": "2024-05-19 19:38:47 +0000"
    },
    "done": true
  },
  "tombstone:adventure/create_voodoo_poppet": {
    "criteria": {
      "has_voodoo_poppet": "2024-05-19 19:39:39 +0000"
    },
    "done": true
  },
  "tombstone:adventure/enchant_voodoo_poppet": {
    "criteria": {
      "has_enchanted_voodoo_poppet": "2024-05-19 19:39:39 +0000"
    },
    "done": true
  },
  "tombstone:adventure/use_mercy": {
    "criteria": {
      "has_magic_scroll": "2024-05-19 19:40:26 +0000"
    },
    "done": true
  },
  "tombstone:adventure/use_knowledge": {
    "criteria": {
      "coded_trigger": "2024-05-19 19:40:33 +0000"
    },
    "done": true
  },
  "tombstone:adventure/prevent_death_fall": {
    "criteria": {
      "coded_trigger": "2024-05-19 19:41:09 +0000"
    },
    "done": true
  },
  "tombstone:adventure/death_master": {
    "criteria": {
      "has_prevent_fall": "2024-05-19 19:41:09 +0000"
    },
    "done": false
  },
  "croptopia:gather_jungle": {
    "criteria": {
      "turnip_seed": "2024-05-19 19:44:37 +0000"
    },
    "done": false
  },
  "croptopia:gather_forest": {
    "criteria": {
      "spinach_seed": "2024-05-19 19:44:37 +0000"
    },
    "done": false
  },
  "croptopia:gather_savanna": {
    "criteria": {
      "hops_seed": "2024-05-19 19:44:37 +0000",
      "turmeric_seed": "2024-05-19 19:44:37 +0000"
    },
    "done": false
  },
  "croptopia:gather_all": {
    "criteria": {
      "turnip_seed": "2024-05-19 19:44:37 +0000",
      "hops_seed": "2024-05-19 19:44:37 +0000",
      "broccoli_seed": "2024-05-19 19:44:37 +0000",
      "spinach_seed": "2024-05-19 19:44:37 +0000",
      "turmeric_seed": "2024-05-19 19:44:37 +0000"
    },
    "done": false
  },
  "croptopia:getseeds": {
    "criteria": {
      "has_seeds": "2024-05-19 19:44:37 +0000"
    },
    "done": true
  },
  "croptopia:gather_plains": {
    "criteria": {
      "broccoli_seed": "2024-05-19 19:44:37 +0000"
    },
    "done": false
  },
  "tombstone:adventure/bone_crusher": {
    "criteria": {
      "coded_trigger": "2024-05-19 19:45:53 +0000"
    },
    "done": true
  },
  "stellarity:cursed_tome/sabrewing": {
    "criteria": {
      "requirement": "2024-05-19 20:22:12 +0000"
    },
    "done": true
  },
  "stellarity:dragons_den/cursed_tome/items/unlock_sabrewing": {
    "criteria": {
      "requirement": "2024-05-19 20:22:12 +0000"
    },
    "done": true
  },
  "apotheosis:affix/boss": {
    "criteria": {
      "sword": "2024-05-19 20:27:48 +0000"
    },
    "done": true
  },
  "simplyswords:slumbering_lichblade": {
    "criteria": {
      "requirement": "2024-05-19 20:28:19 +0000"
    },
    "done": true
  },
  "tombstone:adventure/use_preservation": {
    "criteria": {
      "has_magic_scroll": "2024-05-19 20:29:26 +0000"
    },
    "done": true
  },
  "tombstone:adventure/use_true_sight": {
    "criteria": {
      "has_magic_scroll": "2024-05-19 20:29:31 +0000"
    },
    "done": true
  },
  "artifacts:chest_slayer": {
    "criteria": {
      "kill_mimic": "2024-05-19 20:34:26 +0000"
    },
    "done": true
  },
  "artifacts:amateur_archaeologist": {
    "criteria": {
      "find_artifact": "2024-05-19 20:34:26 +0000"
    },
    "done": true
  },
  "lootr:1barrel": {
    "criteria": {
      "opened_barrel": "2024-05-19 20:34:38 +0000"
    },
    "done": true
  },
  "simplyswords:runic_weapon": {
    "criteria": {
      "requirement": "2024-05-19 20:47:08 +0000"
    },
    "done": true
  },
  "quark:get_forgotten_hat": {
    "criteria": {
      "get_forgotten_hat": "2024-05-19 20:48:13 +0000"
    },
    "done": true
  },
  "alexscaves:alexscaves/cave_book": {
    "criteria": {
      "cave_book": "2024-05-19 20:48:54 +0000"
    },
    "done": true
  },
  "irons_spellbooks:irons_spellbooks/staff_root": {
    "criteria": {
      "requirement": "2024-05-19 20:51:54 +0000"
    },
    "done": true
  },
  "lootr:100loot": {
    "criteria": {
      "loot_stat": "2024-05-19 20:53:36 +0000"
    },
    "done": true
  },
  "minecraft:story/form_obsidian": {
    "criteria": {
      "obsidian": "2024-05-19 20:55:09 +0000"
    },
    "done": true
  },
  "apotheosis:enchanting/enchanter": {
    "criteria": {
      "enchanting_table": "2024-05-19 20:56:50 +0000"
    },
    "done": true
  },
  "tombstone:adventure/use_guard": {
    "criteria": {
      "coded_trigger": "2024-05-19 20:58:07 +0000"
    },
    "done": true
  },
  "apotheotic_additions:main/apotheotic_coin": {
    "criteria": {
      "inventory_changed": "2024-05-19 20:59:01 +0000"
    },
    "done": true
  },
  "enemyexpansion:vampire_slayer": {
    "criteria": {
      "vampire_slayer_0": "2024-05-19 21:01:42 +0000"
    },
    "done": true
  },
  "apotheosis:spawner/capturing": {
    "criteria": {
      "egg": "2024-05-19 21:21:21 +0000"
    },
    "done": true
  },
  "apotheotic_additions:affix/materials": {
    "criteria": {
      "material": "2024-05-19 21:21:36 +0000"
    },
    "done": true
  },
  "alexscaves:alexscaves/root": {
    "criteria": {
      "underground_cabin": "2024-05-19 21:25:00 +0000"
    },
    "done": true
  },
  "tombstone:adventure/use_feather_fall": {
    "criteria": {
      "has_magic_scroll": "2024-05-19 21:31:59 +0000"
    },
    "done": true
  },
  "alexscaves:alexscaves/diving_armor": {
    "criteria": {
      "helmet": "2024-05-19 21:36:20 +0000"
    },
    "done": false
  },
  "tombstone:adventure/use_purification": {
    "criteria": {
      "has_magic_scroll": "2024-05-19 21:37:14 +0000"
    },
    "done": true
  },
  "regions_unexplored:spelunker": {
    "criteria": {
      "redstone_caves": "2024-05-19 21:55:37 +0000",
      "scorching_caves": "2024-05-19 21:38:06 +0000"
    },
    "done": false
  },
  "enemyexpansion:troll_hunter": {
    "criteria": {
      "troll_hunter_0": "2024-05-19 21:47:53 +0000"
    },
    "done": true
  },
  "DataVersion": 3465
}