{
	"level_seeds": [
		{
			"dim": "minecraft:the_end",
			"seed": 2378334045616470550
		},
		{
			"dim": "minecraft:the_nether",
			"seed": 2378334045616470550
		},
		{
			"dim": "twilightforest:twilight_forest",
			"seed": 2378334045616470550
		},
		{
			"dim": "minecraft:overworld",
			"seed": 2378334045616470550
		}
	],
	"structure_seeds": [
		{
			"dim": "minecraft:the_end",
			"seed": 2378334045616470550
		},
		{
			"dim": "minecraft:the_nether",
			"seed": 2378334045616470550
		},
		{
			"dim": "twilightforest:twilight_forest",
			"seed": 2378334045616470550
		},
		{
			"dim": "minecraft:overworld",
			"seed": 2378334045616470550
		}
	]
}